_id,OBJECTID,JURIS_NAME,County_name,City_name,City_Name_Proper,RATE,START_DATE,DateStamp,DateCreated,Shape__Area,Shape__Length
1,541,ALAMEDA,ALAMEDA,ALAMEDA,Alameda,0.1075,4/1/2022 7:00:00 AM,4/1/2025 7:00:00 AM,3/20/2025 7:00:00 AM,94284099.78125,45783.0847468113
2,542,ALBANY,ALAMEDA,ALBANY,Albany,0.1075,4/1/2022 7:00:00 AM,4/1/2025 7:00:00 AM,3/20/2025 7:00:00 AM,21147281.1445313,25304.5077106774
3,543,BERKELEY,ALAMEDA,BERKELEY,Berkeley,0.1025,4/1/2022 7:00:00 AM,4/1/2025 7:00:00 AM,3/20/2025 7:00:00 AM,74801432.5585938,47159.6642472409
4,544,DUBLIN,ALAMEDA,DUBLIN,Dublin,0.1025,4/1/2022 7:00:00 AM,4/1/2025 7:00:00 AM,3/20/2025 7:00:00 AM,63080316.90625,47361.6465538193
5,545,EMERYVILLE,ALAMEDA,EMERYVILLE,Emeryville,0.105,4/1/2022 7:00:00 AM,4/1/2025 7:00:00 AM,3/20/2025 7:00:00 AM,9393600.17578125,16246.1941916231
6,546,FREMONT,ALAMEDA,FREMONT,Fremont,0.1025,4/1/2022 7:00:00 AM,4/1/2025 7:00:00 AM,3/20/2025 7:00:00 AM,364464138.808594,143163.252154463
7,547,HAYWARD,ALAMEDA,HAYWARD,Hayward,0.1075,4/1/2022 7:00:00 AM,4/1/2025 7:00:00 AM,3/20/2025 7:00:00 AM,261767422.371094,159250.503928195
8,548,LIVERMORE,ALAMEDA,LIVERMORE,Livermore,0.1025,4/1/2022 7:00:00 AM,4/1/2025 7:00:00 AM,3/20/2025 7:00:00 AM,110696652.992188,105695.624732362
9,549,NEWARK,ALAMEDA,NEWARK,Newark,0.1075,4/1/2022 7:00:00 AM,4/1/2025 7:00:00 AM,3/20/2025 7:00:00 AM,57937430.296875,38383.1810593
10,550,OAKLAND,ALAMEDA,OAKLAND,Oakland,0.1025,4/1/2022 7:00:00 AM,4/1/2025 7:00:00 AM,3/20/2025 7:00:00 AM,323076289.914063,155074.895470206
11,551,PIEDMONT,ALAMEDA,PIEDMONT,Piedmont,0.1025,4/1/2022 7:00:00 AM,4/1/2025 7:00:00 AM,3/20/2025 7:00:00 AM,7101420.18359375,11465.0404806819
12,552,PLEASANTON,ALAMEDA,PLEASANTON,Pleasanton,0.1025,4/1/2022 7:00:00 AM,4/1/2025 7:00:00 AM,3/20/2025 7:00:00 AM,100534946.808594,99392.1389818172
13,553,SAN LEANDRO,ALAMEDA,SAN LEANDRO,San Leandro,0.1075,4/1/2022 7:00:00 AM,4/1/2025 7:00:00 AM,3/20/2025 7:00:00 AM,63946368.4335938,41903.8204239417
14,554,UNINCORPORATED AREA-ALAMEDA,ALAMEDA,UNINCORPORATED,Unincorporated,0.1025,4/1/2022 7:00:00 AM,4/1/2025 7:00:00 AM,3/20/2025 7:00:00 AM,1759546305.40234,549037.673309823
15,555,UNION CITY,ALAMEDA,UNION CITY,Union City,0.1075,4/1/2022 7:00:00 AM,4/1/2025 7:00:00 AM,3/20/2025 7:00:00 AM,80132612.1445313,71513.1281566894
16,556,UNINCORPORATED AREA-ALPINE,ALPINE,UNINCORPORATED,Unincorporated,0.0725,1/1/2005 8:00:00 AM,4/1/2025 7:00:00 AM,3/20/2025 7:00:00 AM,3156930538.37109,276002.710609411
17,557,AMADOR CITY,AMADOR,AMADOR CITY,Amador City,0.08,1/1/2025 8:00:00 AM,4/1/2025 7:00:00 AM,3/20/2025 7:00:00 AM,1307519.37109375,4618.24364815908
18,558,IONE,AMADOR,IONE,Ione,0.0775,4/1/2009 7:00:00 AM,4/1/2025 7:00:00 AM,3/20/2025 7:00:00 AM,19503032.6992188,29141.5562011885
19,559,JACKSON,AMADOR,JACKSON,Jackson,0.0775,4/1/2009 7:00:00 AM,4/1/2025 7:00:00 AM,3/20/2025 7:00:00 AM,15158806.4375,33586.3702421609
20,560,PLYMOUTH,AMADOR,PLYMOUTH,Plymouth,0.0775,4/1/2009 7:00:00 AM,4/1/2025 7:00:00 AM,3/20/2025 7:00:00 AM,11259632.3789063,30729.3533530581
21,561,SUTTER CREEK,AMADOR,SUTTER CREEK,Sutter Creek,0.0875,4/1/2025 7:00:00 AM,4/1/2025 7:00:00 AM,3/20/2025 7:00:00 AM,11336991.2695313,32078.532409601
22,562,UNINCORPORATED AREA-AMADOR,AMADOR,UNINCORPORATED,Unincorporated,0.0775,4/1/2009 7:00:00 AM,4/1/2025 7:00:00 AM,3/20/2025 7:00:00 AM,2504246086.04688,491896.350296913
23,563,BIGGS,BUTTE,BIGGS,Biggs,0.0825,4/1/2025 7:00:00 AM,4/1/2025 7:00:00 AM,3/20/2025 7:00:00 AM,4415189.75,17791.8720100524
24,564,CHICO,BUTTE,CHICO,Chico,0.0925,4/1/2025 7:00:00 AM,4/1/2025 7:00:00 AM,3/20/2025 7:00:00 AM,152260489.558594,128749.059028785
25,565,GRIDLEY,BUTTE,GRIDLEY,Gridley,0.0825,4/1/2025 7:00:00 AM,4/1/2025 7:00:00 AM,3/20/2025 7:00:00 AM,10338674.4023438,27396.6634429195
26,566,OROVILLE,BUTTE,OROVILLE,Oroville,0.0925,4/1/2025 7:00:00 AM,4/1/2025 7:00:00 AM,3/20/2025 7:00:00 AM,60879179.5,92810.9431884026
27,567,PARADISE,BUTTE,PARADISE,Paradise,0.0875,4/1/2025 7:00:00 AM,4/1/2025 7:00:00 AM,3/20/2025 7:00:00 AM,79149910.234375,41387.3541352109
28,568,UNINCORPORATED AREA-BUTTE,BUTTE,UNINCORPORATED,Unincorporated,0.0825,4/1/2025 7:00:00 AM,4/1/2025 7:00:00 AM,3/20/2025 7:00:00 AM,7036003068.30859,832104.906541321
29,569,ANGELS CAMP,CALAVERAS,ANGELS CAMP,Angels Camp,0.0875,10/1/2024 7:00:00 AM,4/1/2025 7:00:00 AM,3/20/2025 7:00:00 AM,14896412.1328125,30624.9112245574
30,570,UNINCORPORATED AREA-CALAVERAS,CALAVERAS,UNINCORPORATED,Unincorporated,0.0825,10/1/2024 7:00:00 AM,4/1/2025 7:00:00 AM,3/20/2025 7:00:00 AM,4335585143.19922,400705.841436331
31,571,COLUSA,COLUSA,COLUSA,Colusa,0.0875,4/1/2023 7:00:00 AM,4/1/2025 7:00:00 AM,3/20/2025 7:00:00 AM,18441764.2539063,50609.5926032982
32,572,UNINCORPORATED AREA-COLUSA,COLUSA,UNINCORPORATED,Unincorporated,0.0775,4/1/2023 7:00:00 AM,4/1/2025 7:00:00 AM,3/20/2025 7:00:00 AM,4951826367.66406,467179.261773572
33,573,WILLIAMS,COLUSA,WILLIAMS,Williams,0.0825,4/1/2023 7:00:00 AM,4/1/2025 7:00:00 AM,3/20/2025 7:00:00 AM,21818457.6445313,31341.423483617
34,574,ANTIOCH,CONTRA COSTA,ANTIOCH,Antioch,0.0975,4/1/2021 7:00:00 AM,4/1/2025 7:00:00 AM,3/20/2025 7:00:00 AM,125001298.441406,74794.0543838299
35,575,BRENTWOOD,CONTRA COSTA,BRENTWOOD,Brentwood,0.0875,4/1/2021 7:00:00 AM,4/1/2025 7:00:00 AM,3/20/2025 7:00:00 AM,61996514.8867188,55360.8863134659
36,576,CLAYTON,CONTRA COSTA,CLAYTON,Clayton,0.0875,4/1/2021 7:00:00 AM,4/1/2025 7:00:00 AM,3/20/2025 7:00:00 AM,15977065.1640625,21781.2730788148
37,577,CONCORD,CONTRA COSTA,CONCORD,Concord,0.0975,4/1/2021 7:00:00 AM,4/1/2025 7:00:00 AM,3/20/2025 7:00:00 AM,127542580.816406,73076.0675785103
38,578,DANVILLE,CONTRA COSTA,DANVILLE,Danville,0.0875,4/1/2021 7:00:00 AM,4/1/2025 7:00:00 AM,3/20/2025 7:00:00 AM,75152105.1132813,59623.1292539585
39,579,EL CERRITO,CONTRA COSTA,EL CERRITO,El Cerrito,0.1025,4/1/2021 7:00:00 AM,4/1/2025 7:00:00 AM,3/20/2025 7:00:00 AM,15364956.7148438,20531.344103166
40,580,HERCULES,CONTRA COSTA,HERCULES,Hercules,0.0925,4/1/2021 7:00:00 AM,4/1/2025 7:00:00 AM,3/20/2025 7:00:00 AM,80132191.5664063,54014.2503811291
41,581,LAFAYETTE,CONTRA COSTA,LAFAYETTE,Lafayette,0.0925,4/1/2025 7:00:00 AM,4/1/2025 7:00:00 AM,3/20/2025 7:00:00 AM,63277470.5742188,55400.7787037551
42,582,MARTINEZ,CONTRA COSTA,MARTINEZ,Martinez,0.0975,4/1/2021 7:00:00 AM,4/1/2025 7:00:00 AM,3/20/2025 7:00:00 AM,57874766.453125,74890.9016076533
43,583,MORAGA,CONTRA COSTA,MORAGA,Moraga,0.0975,4/1/2021 7:00:00 AM,4/1/2025 7:00:00 AM,3/20/2025 7:00:00 AM,39423773.5351563,39302.4246188174
44,584,OAKLEY,CONTRA COSTA,OAKLEY,Oakley,0.0875,4/1/2021 7:00:00 AM,4/1/2025 7:00:00 AM,3/20/2025 7:00:00 AM,67575433.5117188,48896.3261394011
45,585,ORINDA,CONTRA COSTA,ORINDA,Orinda,0.0975,4/1/2021 7:00:00 AM,4/1/2025 7:00:00 AM,3/20/2025 7:00:00 AM,53571792.8828125,48201.5530734429
46,586,PINOLE,CONTRA COSTA,PINOLE,Pinole,0.1025,4/1/2025 7:00:00 AM,4/1/2025 7:00:00 AM,3/20/2025 7:00:00 AM,48507058.0742188,54971.8605910409
47,587,PITTSBURG,CONTRA COSTA,PITTSBURG,Pittsburg,0.0925,4/1/2021 7:00:00 AM,4/1/2025 7:00:00 AM,3/20/2025 7:00:00 AM,86365561.0838776,69847.5404560435
48,588,PLEASANT HILL,CONTRA COSTA,PLEASANT HILL,Pleasant Hill,0.0925,4/1/2021 7:00:00 AM,4/1/2025 7:00:00 AM,3/20/2025 7:00:00 AM,29528836.3828125,41265.9437880572
49,589,RICHMOND,CONTRA COSTA,RICHMOND,Richmond,0.0975,4/1/2021 7:00:00 AM,4/1/2025 7:00:00 AM,3/20/2025 7:00:00 AM,219262259.363281,170574.415933926
50,590,SAN PABLO,CONTRA COSTA,SAN PABLO,San Pablo,0.095,10/1/2022 7:00:00 AM,4/1/2025 7:00:00 AM,3/20/2025 7:00:00 AM,10874264.3710938,20726.5966825218
51,591,SAN RAMON,CONTRA COSTA,SAN RAMON,San Ramon,0.0975,4/1/2025 7:00:00 AM,4/1/2025 7:00:00 AM,3/20/2025 7:00:00 AM,83444034.3554688,53394.2858835658
52,592,UNINCORPORATED AREA-CONTRA COSTA,CONTRA COSTA,UNINCORPORATED,Unincorporated,0.0875,4/1/2021 7:00:00 AM,4/1/2025 7:00:00 AM,3/20/2025 7:00:00 AM,2018897522.12891,978142.308018294
53,593,WALNUT CREEK,CONTRA COSTA,WALNUT CREEK,Walnut Creek,0.0925,4/1/2023 7:00:00 AM,4/1/2025 7:00:00 AM,3/20/2025 7:00:00 AM,82433189.9648438,116484.274813227
54,594,CRESCENT CITY,DEL NORTE,CRESCENT CITY,Crescent City,0.0825,4/1/2022 7:00:00 AM,4/1/2025 7:00:00 AM,3/20/2025 7:00:00 AM,10966556.4140625,29298.2787787333
55,595,UNINCORPORATED AREA-DEL NORTE,DEL NORTE,UNINCORPORATED,Unincorporated,0.0825,4/1/2022 7:00:00 AM,4/1/2025 7:00:00 AM,3/20/2025 7:00:00 AM,5716722577.38281,445963.584408783
56,596,PLACERVILLE,EL DORADO,PLACERVILLE,Placerville,0.0825,4/1/2017 7:00:00 AM,4/1/2025 7:00:00 AM,3/20/2025 7:00:00 AM,24896513.0546875,56151.0177614638
57,597,SOUTH LAKE TAHOE,EL DORADO,SOUTH LAKE TAHOE,South Lake Tahoe,0.0875,4/1/2021 7:00:00 AM,4/1/2025 7:00:00 AM,3/20/2025 7:00:00 AM,74955733.2304688,55722.3455087202
58,598,UNINCORPORATED AREA-EL DORADO,EL DORADO,UNINCORPORATED,Unincorporated,0.0725,1/1/2005 8:00:00 AM,4/1/2025 7:00:00 AM,3/20/2025 7:00:00 AM,7535435558.97266,573049.609850508
59,599,CLOVIS,FRESNO,CLOVIS,Clovis,0.08975,4/1/2025 7:00:00 AM,4/1/2025 7:00:00 AM,3/20/2025 7:00:00 AM,112768396.050781,107021.177062098
60,600,COALINGA,FRESNO,COALINGA,Coalinga,0.08975,4/1/2019 7:00:00 AM,4/1/2025 7:00:00 AM,3/20/2025 7:00:00 AM,26779020.5078125,59013.5863058423
61,601,FIREBAUGH,FRESNO,FIREBAUGH,Firebaugh,0.07975,4/1/2005 8:00:00 AM,4/1/2025 7:00:00 AM,3/20/2025 7:00:00 AM,15031914.5703125,35868.8513784124
62,602,FOWLER,FRESNO,FOWLER,Fowler,0.08975,4/1/2019 7:00:00 AM,4/1/2025 7:00:00 AM,3/20/2025 7:00:00 AM,10781721.7148438,29869.0372634556
63,603,FRESNO,FRESNO,FRESNO,Fresno,0.0835,7/1/2021 7:00:00 AM,4/1/2025 7:00:00 AM,3/20/2025 7:00:00 AM,474555537.746094,446484.184603312
64,604,HURON,FRESNO,HURON,Huron,0.08975,4/1/2014 7:00:00 AM,4/1/2025 7:00:00 AM,3/20/2025 7:00:00 AM,6737058.05859375,17300.2655701132
65,605,KERMAN,FRESNO,KERMAN,Kerman,0.08975,4/1/2019 7:00:00 AM,4/1/2025 7:00:00 AM,3/20/2025 7:00:00 AM,13537759.8164063,22591.7578754874
66,606,KINGSBURG,FRESNO,KINGSBURG,Kingsburg,0.08975,10/1/2018 7:00:00 AM,4/1/2025 7:00:00 AM,3/20/2025 7:00:00 AM,15143425.9023438,30258.2657749705
67,607,MENDOTA,FRESNO,MENDOTA,Mendota,0.09225,7/1/2023 7:00:00 AM,4/1/2025 7:00:00 AM,3/20/2025 7:00:00 AM,13362602.421875,34044.5318522016
68,608,ORANGE COVE,FRESNO,ORANGE COVE,Orange Cove,0.07975,4/1/2005 8:00:00 AM,4/1/2025 7:00:00 AM,3/20/2025 7:00:00 AM,7386628.55078125,17125.9034230956
69,609,PARLIER,FRESNO,PARLIER,Parlier,0.08975,4/1/2020 7:00:00 AM,4/1/2025 7:00:00 AM,3/20/2025 7:00:00 AM,10165463.8203125,25832.5670414684
70,610,REEDLEY,FRESNO,REEDLEY,Reedley,0.09225,7/1/2020 7:00:00 AM,4/1/2025 7:00:00 AM,3/20/2025 7:00:00 AM,23125146.9492188,40973.5443854836
71,611,SAN JOAQUIN,FRESNO,SAN JOAQUIN,San Joaquin,0.07975,4/1/2005 8:00:00 AM,4/1/2025 7:00:00 AM,3/20/2025 7:00:00 AM,4672628.5546875,17100.7373234641
72,612,SANGER,FRESNO,SANGER,Sanger,0.08725,7/1/2008 7:00:00 AM,4/1/2025 7:00:00 AM,3/20/2025 7:00:00 AM,25642801.203125,37860.8509086755
73,613,SELMA,FRESNO,SELMA,Selma,0.08475,4/1/2008 7:00:00 AM,4/1/2025 7:00:00 AM,3/20/2025 7:00:00 AM,24164551.4140625,41759.3591268455
74,614,UNINCORPORATED AREA-FRESNO,FRESNO,UNINCORPORATED,Unincorporated,0.07975,4/1/2005 8:00:00 AM,4/1/2025 7:00:00 AM,3/20/2025 7:00:00 AM,23527151448.25,1950624.14179016
75,615,ORLAND,GLENN,ORLAND,Orland,0.0825,4/1/2025 7:00:00 AM,4/1/2025 7:00:00 AM,3/20/2025 7:00:00 AM,13376446.296875,25512.4333015191
76,616,UNINCORPORATED AREA-GLENN,GLENN,UNINCORPORATED,Unincorporated,0.0725,1/1/2005 8:00:00 AM,4/1/2025 7:00:00 AM,3/20/2025 7:00:00 AM,5765505944.09375,439801.896902725
77,617,WILLOWS,GLENN,WILLOWS,Willows,0.0875,4/1/2025 7:00:00 AM,4/1/2025 7:00:00 AM,3/20/2025 7:00:00 AM,12259743.7265625,22627.8819396242
78,618,ARCATA,HUMBOLDT,ARCATA,Arcata,0.1025,4/1/2025 7:00:00 AM,4/1/2025 7:00:00 AM,3/20/2025 7:00:00 AM,51384041.8632813,75159.7910834081
79,619,BLUE LAKE,HUMBOLDT,BLUE LAKE,Blue Lake,0.0975,4/1/2025 7:00:00 AM,4/1/2025 7:00:00 AM,3/20/2025 7:00:00 AM,2934186.15625,12023.8196554298
80,620,EUREKA,HUMBOLDT,EUREKA,Eureka,0.1025,4/1/2025 7:00:00 AM,4/1/2025 7:00:00 AM,3/20/2025 7:00:00 AM,72595035.3984375,67001.7619021205
81,621,FERNDALE,HUMBOLDT,FERNDALE,Ferndale,0.095,4/1/2025 7:00:00 AM,4/1/2025 7:00:00 AM,3/20/2025 7:00:00 AM,5185693.7890625,11752.2743273907
82,622,FORTUNA,HUMBOLDT,FORTUNA,Fortuna,0.095,4/1/2025 7:00:00 AM,4/1/2025 7:00:00 AM,3/20/2025 7:00:00 AM,23527739.2734375,34275.280110279
83,623,RIO DELL,HUMBOLDT,RIO DELL,Rio Dell,0.095,4/1/2025 7:00:00 AM,4/1/2025 7:00:00 AM,3/20/2025 7:00:00 AM,11666569.5820313,28074.4487845528
84,624,TRINIDAD,HUMBOLDT,TRINIDAD,Trinidad,0.095,4/1/2025 7:00:00 AM,4/1/2025 7:00:00 AM,3/20/2025 7:00:00 AM,2928704.640625,12401.7876884525
85,625,UNINCORPORATED AREA-HUMBOLDT,HUMBOLDT,UNINCORPORATED,Unincorporated,0.0875,4/1/2025 7:00:00 AM,4/1/2025 7:00:00 AM,3/20/2025 7:00:00 AM,18112068389.0664,923657.141615907
86,626,BRAWLEY,IMPERIAL,BRAWLEY,Brawley,0.0875,4/1/2025 7:00:00 AM,4/1/2025 7:00:00 AM,3/20/2025 7:00:00 AM,29879504.8164063,35993.7204721679
87,627,CALEXICO,IMPERIAL,CALEXICO,Calexico,0.0825,10/1/2010 7:00:00 AM,4/1/2025 7:00:00 AM,3/20/2025 7:00:00 AM,31092545.3828125,29188.1839816749
88,628,CALIPATRIA,IMPERIAL,CALIPATRIA,Calipatria,0.0775,1/1/2005 8:00:00 AM,4/1/2025 7:00:00 AM,3/20/2025 7:00:00 AM,13738251.4960938,26908.2930193843
89,629,EL CENTRO,IMPERIAL,EL CENTRO,El Centro,0.0825,4/1/2017 7:00:00 AM,4/1/2025 7:00:00 AM,3/20/2025 7:00:00 AM,44692512.6015625,50458.9599161692
90,630,HOLTVILLE,IMPERIAL,HOLTVILLE,Holtville,0.0775,1/1/2005 8:00:00 AM,4/1/2025 7:00:00 AM,3/20/2025 7:00:00 AM,4277492.54296875,15518.7706230713
91,631,IMPERIAL,IMPERIAL,IMPERIAL,Imperial,0.0775,1/1/2005 8:00:00 AM,4/1/2025 7:00:00 AM,3/20/2025 7:00:00 AM,23161280.515625,43030.9808725636
92,632,UNINCORPORATED AREA-IMPERIAL,IMPERIAL,UNINCORPORATED,Unincorporated,0.0775,1/1/2005 8:00:00 AM,4/1/2025 7:00:00 AM,3/20/2025 7:00:00 AM,16414850843.7578,784894.257702798
93,633,WESTMORLAND,IMPERIAL,WESTMORLAND,Westmorland,0.0775,1/1/2005 8:00:00 AM,4/1/2025 7:00:00 AM,3/20/2025 7:00:00 AM,2278996.921875,11110.2036306437
94,634,BISHOP,INYO,BISHOP,Bishop,0.0875,4/1/2021 7:00:00 AM,4/1/2025 7:00:00 AM,3/20/2025 7:00:00 AM,7728593.453125,20428.5350855949
95,635,UNINCORPORATED AREA-INYO,INYO,UNINCORPORATED,Unincorporated,0.0775,1/1/2005 8:00:00 AM,4/1/2025 7:00:00 AM,3/20/2025 7:00:00 AM,41085988766.125,1089636.62873377
96,636,ARVIN,KERN,ARVIN,Arvin,0.0825,4/1/2009 7:00:00 AM,4/1/2025 7:00:00 AM,3/20/2025 7:00:00 AM,18685945.8046875,26372.5719742767
97,637,BAKERSFIELD,KERN,BAKERSFIELD,Bakersfield,0.0825,4/1/2019 7:00:00 AM,4/1/2025 7:00:00 AM,3/20/2025 7:00:00 AM,592981889.214844,531957.920524383
98,638,CALIFORNIA CITY,KERN,CALIFORNIA CITY,California City,0.0725,1/1/2005 8:00:00 AM,4/1/2025 7:00:00 AM,3/20/2025 7:00:00 AM,789601385.703125,218609.173586044
99,639,DELANO,KERN,DELANO,Delano,0.0825,4/1/2008 7:00:00 AM,4/1/2025 7:00:00 AM,3/20/2025 7:00:00 AM,70983834.984375,75037.1072827324
100,640,MARICOPA,KERN,MARICOPA,Maricopa,0.0825,4/1/2025 7:00:00 AM,4/1/2025 7:00:00 AM,3/20/2025 7:00:00 AM,5975737.296875,18475.6067881178
101,641,MCFARLAND,KERN,MCFARLAND,Mcfarland,0.0825,4/1/2023 7:00:00 AM,4/1/2025 7:00:00 AM,3/20/2025 7:00:00 AM,24986476.3242188,37686.7909904311
102,642,RIDGECREST,KERN,RIDGECREST,Ridgecrest,0.0925,4/1/2023 7:00:00 AM,4/1/2025 7:00:00 AM,3/20/2025 7:00:00 AM,84507272.5039063,69272.9457747664
103,643,SHAFTER,KERN,SHAFTER,Shafter,0.0725,1/1/2005 8:00:00 AM,4/1/2025 7:00:00 AM,3/20/2025 7:00:00 AM,151820527.253906,95731.8158749969
104,644,TAFT,KERN,TAFT,Taft,0.0825,4/1/2022 7:00:00 AM,4/1/2025 7:00:00 AM,3/20/2025 7:00:00 AM,58700865.6328125,53480.1799877602
105,645,TEHACHAPI,KERN,TEHACHAPI,Tehachapi,0.0825,4/1/2023 7:00:00 AM,4/1/2025 7:00:00 AM,3/20/2025 7:00:00 AM,40078724.1796875,65963.6363349781
106,646,UNINCORPORATED AREA-KERN,KERN,UNINCORPORATED,Unincorporated,0.0825,4/1/2023 7:00:00 AM,4/1/2025 7:00:00 AM,3/20/2025 7:00:00 AM,29980194889.7891,1995425.54999079
107,647,WASCO,KERN,WASCO,Wasco,0.0825,4/1/2017 7:00:00 AM,4/1/2025 7:00:00 AM,3/20/2025 7:00:00 AM,37477412.890625,51022.8146128166
108,648,AVENAL,KINGS,AVENAL,Avenal,0.0825,4/1/2023 7:00:00 AM,4/1/2025 7:00:00 AM,3/20/2025 7:00:00 AM,77395839.203125,55437.1769040157
109,649,CORCORAN,KINGS,CORCORAN,Corcoran,0.0825,10/1/2017 7:00:00 AM,4/1/2025 7:00:00 AM,3/20/2025 7:00:00 AM,29856788.9257813,54005.4854924237
110,650,HANFORD,KINGS,HANFORD,Hanford,0.0825,4/1/2025 7:00:00 AM,4/1/2025 7:00:00 AM,3/20/2025 7:00:00 AM,73653873.2734375,80430.890193525
111,651,LEMOORE,KINGS,LEMOORE,Lemoore,0.0825,4/1/2025 7:00:00 AM,4/1/2025 7:00:00 AM,3/20/2025 7:00:00 AM,39176379.3945313,40867.6021559037
112,652,UNINCORPORATED AREA-KINGS,KINGS,UNINCORPORATED,Unincorporated,0.0725,1/1/2005 8:00:00 AM,4/1/2025 7:00:00 AM,3/20/2025 7:00:00 AM,5309914879.19531,548686.424805599
113,653,CLEARLAKE,LAKE,CLEARLAKE,Clearlake,0.0875,4/1/2017 7:00:00 AM,4/1/2025 7:00:00 AM,3/20/2025 7:00:00 AM,45146596.6796875,59569.8628753824
114,654,LAKEPORT,LAKE,LAKEPORT,Lakeport,0.0875,4/1/2017 7:00:00 AM,4/1/2025 7:00:00 AM,3/20/2025 7:00:00 AM,13401018.9609375,27465.1856216568
115,655,UNINCORPORATED AREA-LAKE,LAKE,UNINCORPORATED,Unincorporated,0.0725,1/1/2005 8:00:00 AM,4/1/2025 7:00:00 AM,3/20/2025 7:00:00 AM,5661142017.29688,553762.036961489
116,656,SUSANVILLE,LASSEN,SUSANVILLE,Susanville,0.0825,10/1/2022 7:00:00 AM,4/1/2025 7:00:00 AM,3/20/2025 7:00:00 AM,35322935.140625,66208.209214845
117,657,UNINCORPORATED AREA-LASSEN,LASSEN,UNINCORPORATED,Unincorporated,0.0725,1/1/2005 8:00:00 AM,4/1/2025 7:00:00 AM,3/20/2025 7:00:00 AM,21245309545.375,842886.726056952
118,658,AGOURA HILLS,LOS ANGELES,AGOURA HILLS,Agoura Hills,0.0975,4/1/2025 7:00:00 AM,4/1/2025 7:00:00 AM,3/20/2025 7:00:00 AM,29640798.453125,29626.8715823579
119,659,ALHAMBRA,LOS ANGELES,ALHAMBRA,Alhambra,0.105,4/1/2025 7:00:00 AM,4/1/2025 7:00:00 AM,3/20/2025 7:00:00 AM,28889652.3476563,25445.6354572743
120,660,ARCADIA,LOS ANGELES,ARCADIA,Arcadia,0.105,4/1/2025 7:00:00 AM,4/1/2025 7:00:00 AM,3/20/2025 7:00:00 AM,42100047.796875,48738.460731392
121,661,ARTESIA,LOS ANGELES,ARTESIA,Artesia,0.105,4/1/2025 7:00:00 AM,4/1/2025 7:00:00 AM,3/20/2025 7:00:00 AM,6106340.1171875,15049.4260326723
122,662,AVALON,LOS ANGELES,AVALON,Avalon,0.1025,4/1/2025 7:00:00 AM,4/1/2025 7:00:00 AM,3/20/2025 7:00:00 AM,10716443.8164063,21000.9466975033
123,663,AZUSA,LOS ANGELES,AZUSA,Azusa,0.1075,4/1/2025 7:00:00 AM,4/1/2025 7:00:00 AM,3/20/2025 7:00:00 AM,36612551.7617188,58572.233372261
124,664,BALDWIN PARK,LOS ANGELES,BALDWIN PARK,Baldwin Park,0.105,4/1/2025 7:00:00 AM,4/1/2025 7:00:00 AM,3/20/2025 7:00:00 AM,25649815.2617188,32253.8512949814
125,665,BELL,LOS ANGELES,BELL,Bell,0.0975,4/1/2025 7:00:00 AM,4/1/2025 7:00:00 AM,3/20/2025 7:00:00 AM,9891931.22265625,24080.3675493665
126,666,BELL GARDENS,LOS ANGELES,BELL GARDENS,Bell Gardens,0.105,4/1/2025 7:00:00 AM,4/1/2025 7:00:00 AM,3/20/2025 7:00:00 AM,9305824.5,14313.6548729116
127,667,BELLFLOWER,LOS ANGELES,BELLFLOWER,Bellflower,0.105,4/1/2025 7:00:00 AM,4/1/2025 7:00:00 AM,3/20/2025 7:00:00 AM,23295312.0234375,21806.6873916506
128,668,BEVERLY HILLS,LOS ANGELES,BEVERLY HILLS,Beverly Hills,0.0975,4/1/2025 7:00:00 AM,4/1/2025 7:00:00 AM,3/20/2025 7:00:00 AM,21625161.4023438,32044.9060217813
129,669,BRADBURY,LOS ANGELES,BRADBURY,Bradbury,0.0975,4/1/2025 7:00:00 AM,4/1/2025 7:00:00 AM,3/20/2025 7:00:00 AM,7453819.03515625,14372.8505317653
130,670,BURBANK,LOS ANGELES,BURBANK,Burbank,0.105,4/1/2025 7:00:00 AM,4/1/2025 7:00:00 AM,3/20/2025 7:00:00 AM,65816619.4101563,37683.5934041978
131,671,CALABASAS,LOS ANGELES,CALABASAS,Calabasas,0.0975,4/1/2025 7:00:00 AM,4/1/2025 7:00:00 AM,3/20/2025 7:00:00 AM,52150873.6953125,54942.0261976312
132,672,CARSON,LOS ANGELES,CARSON,Carson,0.105,4/1/2025 7:00:00 AM,4/1/2025 7:00:00 AM,3/20/2025 7:00:00 AM,71273947.5078125,46936.9687720092
133,673,CERRITOS,LOS ANGELES,CERRITOS,Cerritos,0.0975,4/1/2025 7:00:00 AM,4/1/2025 7:00:00 AM,3/20/2025 7:00:00 AM,33337565.1992188,44048.3428673889
134,674,CLAREMONT,LOS ANGELES,CLAREMONT,Claremont,0.0975,4/1/2025 7:00:00 AM,4/1/2025 7:00:00 AM,3/20/2025 7:00:00 AM,51039413.609375,55379.896276004
135,675,COMMERCE,LOS ANGELES,COMMERCE,Commerce,0.105,4/1/2025 7:00:00 AM,4/1/2025 7:00:00 AM,3/20/2025 7:00:00 AM,24756897.7421875,34337.3723946645
136,676,COMPTON,LOS ANGELES,COMPTON,Compton,0.1075,4/1/2025 7:00:00 AM,4/1/2025 7:00:00 AM,3/20/2025 7:00:00 AM,38055350.7695313,65468.4264326355
137,677,COVINA,LOS ANGELES,COVINA,Covina,0.105,4/1/2025 7:00:00 AM,4/1/2025 7:00:00 AM,3/20/2025 7:00:00 AM,26657276.5039063,68601.7569295031
138,678,CUDAHY,LOS ANGELES,CUDAHY,Cudahy,0.105,4/1/2025 7:00:00 AM,4/1/2025 7:00:00 AM,3/20/2025 7:00:00 AM,4638685.48828125,12408.5766708577
139,679,CULVER CITY,LOS ANGELES,CULVER CITY,Culver City,0.105,4/1/2025 7:00:00 AM,4/1/2025 7:00:00 AM,3/20/2025 7:00:00 AM,19401715.3945313,43028.2409966035
140,680,DIAMOND BAR,LOS ANGELES,DIAMOND BAR,Diamond Bar,0.0975,4/1/2025 7:00:00 AM,4/1/2025 7:00:00 AM,3/20/2025 7:00:00 AM,56226110.875,40757.87642882
141,681,DOWNEY,LOS ANGELES,DOWNEY,Downey,0.105,4/1/2025 7:00:00 AM,4/1/2025 7:00:00 AM,3/20/2025 7:00:00 AM,47410454.8828125,33278.7781385021
142,682,DUARTE,LOS ANGELES,DUARTE,Duarte,0.105,4/1/2025 7:00:00 AM,4/1/2025 7:00:00 AM,3/20/2025 7:00:00 AM,25406883.4023438,41222.3755420728
143,683,EL MONTE,LOS ANGELES,EL MONTE,El Monte,0.105,4/1/2025 7:00:00 AM,4/1/2025 7:00:00 AM,3/20/2025 7:00:00 AM,36384169.6015625,39349.8710086622
144,684,EL SEGUNDO,LOS ANGELES,EL SEGUNDO,El Segundo,0.0975,4/1/2025 7:00:00 AM,4/1/2025 7:00:00 AM,3/20/2025 7:00:00 AM,20541629.8203125,21428.0838089148
145,685,GARDENA,LOS ANGELES,GARDENA,Gardena,0.105,4/1/2025 7:00:00 AM,4/1/2025 7:00:00 AM,3/20/2025 7:00:00 AM,22068274.8828125,24259.6573288761
146,686,GLENDALE,LOS ANGELES,GLENDALE,Glendale,0.105,4/1/2025 7:00:00 AM,4/1/2025 7:00:00 AM,3/20/2025 7:00:00 AM,116110947.117188,70299.5753293171
147,687,GLENDORA,LOS ANGELES,GLENDORA,Glendora,0.1075,4/1/2025 7:00:00 AM,4/1/2025 7:00:00 AM,3/20/2025 7:00:00 AM,74489145.8320313,61062.2531869431
148,688,HAWAIIAN GARDENS,LOS ANGELES,HAWAIIAN GARDENS,Hawaiian Gardens,0.105,4/1/2025 7:00:00 AM,4/1/2025 7:00:00 AM,3/20/2025 7:00:00 AM,3596379.63671875,9471.03780413629
149,689,HAWTHORNE,LOS ANGELES,HAWTHORNE,Hawthorne,0.105,4/1/2025 7:00:00 AM,4/1/2025 7:00:00 AM,3/20/2025 7:00:00 AM,22932831.3984375,40507.4173138509
150,690,HERMOSA BEACH,LOS ANGELES,HERMOSA BEACH,Hermosa Beach,0.0975,4/1/2025 7:00:00 AM,4/1/2025 7:00:00 AM,3/20/2025 7:00:00 AM,5606031.359375,10582.4342735633
151,691,HIDDEN HILLS,LOS ANGELES,HIDDEN HILLS,Hidden Hills,0.0975,4/1/2025 7:00:00 AM,4/1/2025 7:00:00 AM,3/20/2025 7:00:00 AM,6400388.58203125,15770.4476935119
152,692,HUNTINGTON PARK,LOS ANGELES,HUNTINGTON PARK,Huntington Park,0.105,4/1/2025 7:00:00 AM,4/1/2025 7:00:00 AM,3/20/2025 7:00:00 AM,11382576.9960938,24411.3981263984
153,693,INDUSTRY,LOS ANGELES,INDUSTRY,Industry,0.0975,4/1/2025 7:00:00 AM,4/1/2025 7:00:00 AM,3/20/2025 7:00:00 AM,45505090.0117188,134900.944010009
154,694,INGLEWOOD,LOS ANGELES,INGLEWOOD,Inglewood,0.1025,4/1/2025 7:00:00 AM,4/1/2025 7:00:00 AM,3/20/2025 7:00:00 AM,34336047.2929688,33260.9692431771
155,695,IRWINDALE,LOS ANGELES,IRWINDALE,Irwindale,0.1075,4/1/2025 7:00:00 AM,4/1/2025 7:00:00 AM,3/20/2025 7:00:00 AM,36490812.4609375,48444.0906463877
156,696,LA CAÑADA FLINTRIDGE,LOS ANGELES,LA CAÑADA FLINTRIDGE,La Cañada Flintridge,0.105,4/1/2025 7:00:00 AM,4/1/2025 7:00:00 AM,3/20/2025 7:00:00 AM,32828443.71875,34057.7893937179
157,697,LA HABRA HEIGHTS,LOS ANGELES,LA HABRA HEIGHTS,La Habra Heights,0.0975,4/1/2025 7:00:00 AM,4/1/2025 7:00:00 AM,3/20/2025 7:00:00 AM,23247586.6171875,25696.4144538177
158,698,LA MIRADA,LOS ANGELES,LA MIRADA,La Mirada,0.0975,4/1/2025 7:00:00 AM,4/1/2025 7:00:00 AM,3/20/2025 7:00:00 AM,29577957.28125,29338.3402397522
159,699,LA PUENTE,LOS ANGELES,LA PUENTE,La Puente,0.1025,4/1/2025 7:00:00 AM,4/1/2025 7:00:00 AM,3/20/2025 7:00:00 AM,13135629.9609375,32010.4291198327
160,700,LA VERNE,LOS ANGELES,LA VERNE,La Verne,0.105,4/1/2025 7:00:00 AM,4/1/2025 7:00:00 AM,3/20/2025 7:00:00 AM,32404781.6640625,43074.7103337199
161,701,LAKEWOOD,LOS ANGELES,LAKEWOOD,Lakewood,0.105,4/1/2025 7:00:00 AM,4/1/2025 7:00:00 AM,3/20/2025 7:00:00 AM,35582023.0585938,45633.9583667116
162,702,LANCASTER,LOS ANGELES,LANCASTER,Lancaster,0.1125,4/1/2025 7:00:00 AM,4/1/2025 7:00:00 AM,3/20/2025 7:00:00 AM,363038864.320313,251926.787394092
163,703,LAWNDALE,LOS ANGELES,LAWNDALE,Lawndale,0.105,4/1/2025 7:00:00 AM,4/1/2025 7:00:00 AM,3/20/2025 7:00:00 AM,7415014.328125,13572.3536561802
164,704,LOMITA,LOS ANGELES,LOMITA,Lomita,0.105,4/1/2025 7:00:00 AM,4/1/2025 7:00:00 AM,3/20/2025 7:00:00 AM,7211714.2109375,16503.2297605049
165,705,LONG BEACH,LOS ANGELES,LONG BEACH,Long Beach,0.105,4/1/2025 7:00:00 AM,4/1/2025 7:00:00 AM,3/20/2025 7:00:00 AM,194866027.46875,230117.43017863
166,706,LOS ANGELES,LOS ANGELES,LOS ANGELES,Los Angeles,0.0975,4/1/2025 7:00:00 AM,4/1/2025 7:00:00 AM,3/20/2025 7:00:00 AM,1792860721.45313,677626.10875056
167,707,LYNWOOD,LOS ANGELES,LYNWOOD,Lynwood,0.1075,4/1/2025 7:00:00 AM,4/1/2025 7:00:00 AM,3/20/2025 7:00:00 AM,18262549.8554688,26539.200910925
168,708,MALIBU,LOS ANGELES,MALIBU,Malibu,0.1025,4/1/2025 7:00:00 AM,4/1/2025 7:00:00 AM,3/20/2025 7:00:00 AM,74489792.0039063,92618.5108343415
169,709,MANHATTAN BEACH,LOS ANGELES,MANHATTAN BEACH,Manhattan Beach,0.1025,4/1/2025 7:00:00 AM,4/1/2025 7:00:00 AM,3/20/2025 7:00:00 AM,14993987.421875,17640.4515756614
170,710,MAYWOOD,LOS ANGELES,MAYWOOD,Maywood,0.0975,4/1/2025 7:00:00 AM,4/1/2025 7:00:00 AM,3/20/2025 7:00:00 AM,4448889.875,11066.8610101707
171,711,MONROVIA,LOS ANGELES,MONROVIA,Monrovia,0.105,4/1/2025 7:00:00 AM,4/1/2025 7:00:00 AM,3/20/2025 7:00:00 AM,52136646.21875,53127.3961037091
172,712,MONTEBELLO,LOS ANGELES,MONTEBELLO,Montebello,0.105,4/1/2025 7:00:00 AM,4/1/2025 7:00:00 AM,3/20/2025 7:00:00 AM,31628699.28125,36601.5230591939
173,713,MONTEREY PARK,LOS ANGELES,MONTEREY PARK,Monterey Park,0.105,4/1/2025 7:00:00 AM,4/1/2025 7:00:00 AM,3/20/2025 7:00:00 AM,29264704.9101563,29351.8745323701
174,714,NORWALK,LOS ANGELES,NORWALK,Norwalk,0.105,4/1/2025 7:00:00 AM,4/1/2025 7:00:00 AM,3/20/2025 7:00:00 AM,36780648.3710938,33687.6054576241
175,715,PALMDALE,LOS ANGELES,PALMDALE,Palmdale,0.1125,4/1/2025 7:00:00 AM,4/1/2025 7:00:00 AM,3/20/2025 7:00:00 AM,407233502.195313,253015.728132425
176,716,PALOS VERDES ESTATES,LOS ANGELES,PALOS VERDES ESTATES,Palos Verdes Estates,0.0975,4/1/2025 7:00:00 AM,4/1/2025 7:00:00 AM,3/20/2025 7:00:00 AM,17982785.4296875,26600.5992588792
177,717,PARAMOUNT,LOS ANGELES,PARAMOUNT,Paramount,0.105,4/1/2025 7:00:00 AM,4/1/2025 7:00:00 AM,3/20/2025 7:00:00 AM,18167567.8789063,24985.8555359233
178,718,PASADENA,LOS ANGELES,PASADENA,Pasadena,0.105,4/1/2025 7:00:00 AM,4/1/2025 7:00:00 AM,3/20/2025 7:00:00 AM,87625818.5351563,104435.761444144
179,719,PICO RIVERA,LOS ANGELES,PICO RIVERA,Pico Rivera,0.1075,4/1/2025 7:00:00 AM,4/1/2025 7:00:00 AM,3/20/2025 7:00:00 AM,33639706.546875,35104.249542196
180,720,POMONA,LOS ANGELES,POMONA,Pomona,0.105,4/1/2025 7:00:00 AM,4/1/2025 7:00:00 AM,3/20/2025 7:00:00 AM,86952272.2695313,60124.6230544778
181,721,RANCHO PALOS VERDES,LOS ANGELES,RANCHO PALOS VERDES,Rancho Palos Verdes,0.0975,4/1/2025 7:00:00 AM,4/1/2025 7:00:00 AM,3/20/2025 7:00:00 AM,50780047.3476563,75852.344660058
182,722,REDONDO BEACH,LOS ANGELES,REDONDO BEACH,Redondo Beach,0.0975,4/1/2025 7:00:00 AM,4/1/2025 7:00:00 AM,3/20/2025 7:00:00 AM,23513432.71875,41575.0015750029
183,723,ROLLING HILLS,LOS ANGELES,ROLLING HILLS,Rolling Hills,0.0975,4/1/2025 7:00:00 AM,4/1/2025 7:00:00 AM,3/20/2025 7:00:00 AM,11234635.65625,17683.7158375412
184,724,ROLLING HILLS ESTATES,LOS ANGELES,ROLLING HILLS ESTATES,Rolling Hills Estates,0.0975,4/1/2025 7:00:00 AM,4/1/2025 7:00:00 AM,3/20/2025 7:00:00 AM,13514376.046875,45041.983001387
185,725,ROSEMEAD,LOS ANGELES,ROSEMEAD,Rosemead,0.0975,4/1/2025 7:00:00 AM,4/1/2025 7:00:00 AM,3/20/2025 7:00:00 AM,19574815.8398438,34797.8297989146
186,726,SAN DIMAS,LOS ANGELES,SAN DIMAS,San Dimas,0.0975,4/1/2025 7:00:00 AM,4/1/2025 7:00:00 AM,3/20/2025 7:00:00 AM,58371572.4609375,62870.8209608007
187,727,SAN FERNANDO,LOS ANGELES,SAN FERNANDO,San Fernando,0.105,4/1/2025 7:00:00 AM,4/1/2025 7:00:00 AM,3/20/2025 7:00:00 AM,9020583.203125,13503.5427893223
188,728,SAN GABRIEL,LOS ANGELES,SAN GABRIEL,San Gabriel,0.105,4/1/2025 7:00:00 AM,4/1/2025 7:00:00 AM,3/20/2025 7:00:00 AM,15649794.6757813,35597.8161797645
189,729,SAN MARINO,LOS ANGELES,SAN MARINO,San Marino,0.0975,4/1/2025 7:00:00 AM,4/1/2025 7:00:00 AM,3/20/2025 7:00:00 AM,14271330.4453125,20879.859453172
190,730,SANTA CLARITA,LOS ANGELES,SANTA CLARITA,Santa Clarita,0.0975,4/1/2025 7:00:00 AM,4/1/2025 7:00:00 AM,3/20/2025 7:00:00 AM,281095528.191406,148660.458737589
191,731,SANTA FE SPRINGS,LOS ANGELES,SANTA FE SPRINGS,Santa Fe Springs,0.1075,4/1/2025 7:00:00 AM,4/1/2025 7:00:00 AM,3/20/2025 7:00:00 AM,33480667.6914063,57932.033557614
192,732,SANTA MONICA,LOS ANGELES,SANTA MONICA,Santa Monica,0.1075,4/1/2025 7:00:00 AM,4/1/2025 7:00:00 AM,3/20/2025 7:00:00 AM,32229259.7460938,24285.3186858479
193,733,SIERRA MADRE,LOS ANGELES,SIERRA MADRE,Sierra Madre,0.105,4/1/2025 7:00:00 AM,4/1/2025 7:00:00 AM,3/20/2025 7:00:00 AM,11217233.0078125,14798.9237106554
194,734,SIGNAL HILL,LOS ANGELES,SIGNAL HILL,Signal Hill,0.105,4/1/2025 7:00:00 AM,4/1/2025 7:00:00 AM,3/20/2025 7:00:00 AM,8266889.09375,20733.9079053513
195,735,SOUTH EL MONTE,LOS ANGELES,SOUTH EL MONTE,South El Monte,0.1075,4/1/2025 7:00:00 AM,4/1/2025 7:00:00 AM,3/20/2025 7:00:00 AM,10779104.875,22832.3425698397
196,736,SOUTH GATE,LOS ANGELES,SOUTH GATE,South Gate,0.1075,4/1/2025 7:00:00 AM,4/1/2025 7:00:00 AM,3/20/2025 7:00:00 AM,27738072.0078125,37718.536868856
197,737,SOUTH PASADENA,LOS ANGELES,SOUTH PASADENA,South Pasadena,0.105,4/1/2025 7:00:00 AM,4/1/2025 7:00:00 AM,3/20/2025 7:00:00 AM,12934870.3789063,16016.9567238668
198,738,TEMPLE CITY,LOS ANGELES,TEMPLE CITY,Temple City,0.0975,4/1/2025 7:00:00 AM,4/1/2025 7:00:00 AM,3/20/2025 7:00:00 AM,15244975.078125,22295.3056170265
199,739,TORRANCE,LOS ANGELES,TORRANCE,Torrance,0.1025,4/1/2025 7:00:00 AM,4/1/2025 7:00:00 AM,3/20/2025 7:00:00 AM,77382881.9765625,51508.8263710009
200,740,UNINCORPORATED AREA-LOS ANGELES,LOS ANGELES,UNINCORPORATED,Unincorporated,0.0975,4/1/2025 7:00:00 AM,4/1/2025 7:00:00 AM,3/20/2025 7:00:00 AM,12461417672.0547,3012582.53275677
201,741,VERNON,LOS ANGELES,VERNON,Vernon,0.105,4/1/2025 7:00:00 AM,4/1/2025 7:00:00 AM,3/20/2025 7:00:00 AM,19461909.4414063,31250.0897086735
202,742,WALNUT,LOS ANGELES,WALNUT,Walnut,0.0975,4/1/2025 7:00:00 AM,4/1/2025 7:00:00 AM,3/20/2025 7:00:00 AM,33951509.0039063,33751.1395010697
203,743,WEST COVINA,LOS ANGELES,WEST COVINA,West Covina,0.0975,4/1/2025 7:00:00 AM,4/1/2025 7:00:00 AM,3/20/2025 7:00:00 AM,60782130.1992188,75322.3289136795
204,744,WEST HOLLYWOOD,LOS ANGELES,WEST HOLLYWOOD,West Hollywood,0.105,4/1/2025 7:00:00 AM,4/1/2025 7:00:00 AM,3/20/2025 7:00:00 AM,7174103.66015625,21002.9110003445
205,745,WESTLAKE VILLAGE,LOS ANGELES,WESTLAKE VILLAGE,Westlake Village,0.0975,4/1/2025 7:00:00 AM,4/1/2025 7:00:00 AM,3/20/2025 7:00:00 AM,20853787.03125,23763.2276501187
206,746,WHITTIER,LOS ANGELES,WHITTIER,Whittier,0.105,4/1/2025 7:00:00 AM,4/1/2025 7:00:00 AM,3/20/2025 7:00:00 AM,55863041.7382813,55857.1094175114
207,747,CHOWCHILLA,MADERA,CHOWCHILLA,Chowchilla,0.0875,4/1/2019 7:00:00 AM,4/1/2025 7:00:00 AM,3/20/2025 7:00:00 AM,47512774.1601563,54494.8756790072
208,748,MADERA,MADERA,MADERA,Madera,0.0825,4/1/2017 7:00:00 AM,4/1/2025 7:00:00 AM,3/20/2025 7:00:00 AM,81406868.3203125,78110.2124052844
209,749,UNINCORPORATED AREA-MADERA,MADERA,UNINCORPORATED,Unincorporated,0.0775,4/1/2007 7:00:00 AM,4/1/2025 7:00:00 AM,3/20/2025 7:00:00 AM,8678190250.21875,736393.497992195
210,750,BELVEDERE,MARIN,BELVEDERE,Belvedere,0.0825,10/1/2022 7:00:00 AM,4/1/2025 7:00:00 AM,3/20/2025 7:00:00 AM,9484721.01171875,13715.0899544653
211,751,CORTE MADERA,MARIN,CORTE MADERA,Corte Madera,0.09,10/1/2022 7:00:00 AM,4/1/2025 7:00:00 AM,3/20/2025 7:00:00 AM,18654226.7382813,24602.1769832296
212,752,FAIRFAX,MARIN,FAIRFAX,Fairfax,0.09,10/1/2022 7:00:00 AM,4/1/2025 7:00:00 AM,3/20/2025 7:00:00 AM,9362828.23828125,26579.2573791467
213,753,LARKSPUR,MARIN,LARKSPUR,Larkspur,0.0925,4/1/2023 7:00:00 AM,4/1/2025 7:00:00 AM,3/20/2025 7:00:00 AM,13319610.0664063,30855.925443302
214,754,MILL VALLEY,MARIN,MILL VALLEY,Mill Valley,0.0925,4/1/2025 7:00:00 AM,4/1/2025 7:00:00 AM,3/20/2025 7:00:00 AM,20302880.7070313,32639.2174718262
215,755,NOVATO,MARIN,NOVATO,Novato,0.0925,4/1/2025 7:00:00 AM,4/1/2025 7:00:00 AM,3/20/2025 7:00:00 AM,116824730.09375,113464.180695713
216,756,ROSS,MARIN,ROSS,Ross,0.0825,10/1/2022 7:00:00 AM,4/1/2025 7:00:00 AM,3/20/2025 7:00:00 AM,6482995.3828125,14436.1833239306
217,757,SAN ANSELMO,MARIN,SAN ANSELMO,San Anselmo,0.0925,4/1/2023 7:00:00 AM,4/1/2025 7:00:00 AM,3/20/2025 7:00:00 AM,11135968.4335938,23646.4296030016
218,758,SAN RAFAEL,MARIN,SAN RAFAEL,San Rafael,0.0925,10/1/2022 7:00:00 AM,4/1/2025 7:00:00 AM,3/20/2025 7:00:00 AM,93901540.0585938,97895.6729326262
219,759,SAUSALITO,MARIN,SAUSALITO,Sausalito,0.0925,4/1/2023 7:00:00 AM,4/1/2025 7:00:00 AM,3/20/2025 7:00:00 AM,8845245.1640625,14470.1224001976
220,760,TIBURON,MARIN,TIBURON,Tiburon,0.0825,10/1/2022 7:00:00 AM,4/1/2025 7:00:00 AM,3/20/2025 7:00:00 AM,63702503.9648438,75606.2838462371
221,761,UNINCORPORATED AREA-MARIN,MARIN,UNINCORPORATED,Unincorporated,0.0825,10/1/2022 7:00:00 AM,4/1/2025 7:00:00 AM,3/20/2025 7:00:00 AM,3091052382.99219,645315.545699527
222,762,UNINCORPORATED AREA-MARIPOSA,MARIPOSA,UNINCORPORATED,Unincorporated,0.0825,4/1/2025 7:00:00 AM,4/1/2025 7:00:00 AM,3/20/2025 7:00:00 AM,6039428653.69531,436548.475204552
223,763,FORT BRAGG,MENDOCINO,FORT BRAGG,Fort Bragg,0.0925,4/1/2025 7:00:00 AM,4/1/2025 7:00:00 AM,3/20/2025 7:00:00 AM,12715165.7695313,46778.9287621347
224,764,POINT ARENA,MENDOCINO,POINT ARENA,Point Arena,0.0925,4/1/2025 7:00:00 AM,4/1/2025 7:00:00 AM,3/20/2025 7:00:00 AM,5882104.55078125,18644.1452939986
225,765,UKIAH,MENDOCINO,UKIAH,Ukiah,0.08875,4/1/2023 7:00:00 AM,4/1/2025 7:00:00 AM,3/20/2025 7:00:00 AM,29114800.0351563,56037.871465139
226,766,UNINCORPORATED AREA-MENDOCINO,MENDOCINO,UNINCORPORATED,Unincorporated,0.07875,4/1/2023 7:00:00 AM,4/1/2025 7:00:00 AM,3/20/2025 7:00:00 AM,16809496600.5,848626.81423282
227,767,WILLITS,MENDOCINO,WILLITS,Willits,0.09125,4/1/2023 7:00:00 AM,4/1/2025 7:00:00 AM,3/20/2025 7:00:00 AM,12205170.7148438,29697.9316101461
228,768,ATWATER,MERCED,ATWATER,Atwater,0.0875,4/1/2023 7:00:00 AM,4/1/2025 7:00:00 AM,3/20/2025 7:00:00 AM,27574038.1171875,45476.2846178595
229,769,DOS PALOS,MERCED,DOS PALOS,Dos Palos,0.0775,4/1/2017 7:00:00 AM,4/1/2025 7:00:00 AM,3/20/2025 7:00:00 AM,5625363.7421875,19920.8798679353
230,770,GUSTINE,MERCED,GUSTINE,Gustine,0.0825,4/1/2017 7:00:00 AM,4/1/2025 7:00:00 AM,3/20/2025 7:00:00 AM,7396979.9453125,29207.3231522671
231,771,LIVINGSTON,MERCED,LIVINGSTON,Livingston,0.0875,4/1/2025 7:00:00 AM,4/1/2025 7:00:00 AM,3/20/2025 7:00:00 AM,15185184.7265625,28543.0109223009
232,772,LOS BANOS,MERCED,LOS BANOS,Los Banos,0.0875,4/1/2019 7:00:00 AM,4/1/2025 7:00:00 AM,3/20/2025 7:00:00 AM,43495599.71875,56446.7585732508
233,773,MERCED,MERCED,MERCED,Merced,0.0825,7/1/2024 7:00:00 AM,4/1/2025 7:00:00 AM,3/20/2025 7:00:00 AM,107357896.464844,156783.875371527
234,774,UNINCORPORATED AREA-MERCED,MERCED,UNINCORPORATED,Unincorporated,0.0775,4/1/2017 7:00:00 AM,4/1/2025 7:00:00 AM,3/20/2025 7:00:00 AM,7879417576.83203,769933.380686181
235,775,ALTURAS,MODOC,ALTURAS,Alturas,0.0725,1/1/2005 8:00:00 AM,4/1/2025 7:00:00 AM,3/20/2025 7:00:00 AM,13363838.6875,23788.7587212131
236,776,UNINCORPORATED AREA-MODOC,MODOC,UNINCORPORATED,Unincorporated,0.0725,1/1/2005 8:00:00 AM,4/1/2025 7:00:00 AM,3/20/2025 7:00:00 AM,19461896348.125,590103.980146055
237,777,MAMMOTH LAKES,MONO,MAMMOTH LAKES,Mammoth Lakes,0.0775,10/1/2008 7:00:00 AM,4/1/2025 7:00:00 AM,3/20/2025 7:00:00 AM,104100846.40625,58063.2007011982
238,778,UNINCORPORATED AREA-MONO,MONO,UNINCORPORATED,Unincorporated,0.0725,1/1/2005 8:00:00 AM,4/1/2025 7:00:00 AM,3/20/2025 7:00:00 AM,12954599056.0938,735841.544509069
239,779,CARMEL-BY-THE-SEA,MONTEREY,CARMEL-BY-THE-SEA,Carmel-By-The-Sea,0.0925,7/1/2020 7:00:00 AM,4/1/2025 7:00:00 AM,3/20/2025 7:00:00 AM,23234644.0742188,32609.3011559664
240,780,DEL REY OAKS,MONTEREY,DEL REY OAKS,Del Rey Oaks,0.0925,4/1/2017 7:00:00 AM,4/1/2025 7:00:00 AM,3/20/2025 7:00:00 AM,4356068.12109375,15442.110306651
241,781,GONZALES,MONTEREY,GONZALES,Gonzales,0.0875,4/1/2021 7:00:00 AM,4/1/2025 7:00:00 AM,3/20/2025 7:00:00 AM,7801212.35546875,28413.4687021695
242,782,GREENFIELD,MONTEREY,GREENFIELD,Greenfield,0.095,4/1/2017 7:00:00 AM,4/1/2025 7:00:00 AM,3/20/2025 7:00:00 AM,11964332.984375,30212.7490673746
243,783,KING CITY,MONTEREY,KING CITY,King City,0.0875,4/1/2019 7:00:00 AM,4/1/2025 7:00:00 AM,3/20/2025 7:00:00 AM,16018466.0351563,31570.3267949023
244,784,MARINA,MONTEREY,MARINA,Marina,0.0925,4/1/2019 7:00:00 AM,4/1/2025 7:00:00 AM,3/20/2025 7:00:00 AM,38583030.1484375,39062.4789677192
245,785,MONTEREY,MONTEREY,MONTEREY,Monterey,0.0925,7/1/2020 7:00:00 AM,4/1/2025 7:00:00 AM,3/20/2025 7:00:00 AM,48442593.6054688,70057.9410906403
246,786,PACIFIC GROVE,MONTEREY,PACIFIC GROVE,Pacific Grove,0.0925,10/1/2022 7:00:00 AM,4/1/2025 7:00:00 AM,3/20/2025 7:00:00 AM,30819349.421875,36493.1200483163
247,787,SALINAS,MONTEREY,SALINAS,Salinas,0.0925,4/1/2017 7:00:00 AM,4/1/2025 7:00:00 AM,3/20/2025 7:00:00 AM,94906003.0195313,59273.3266007222
248,788,SAND CITY,MONTEREY,SAND CITY,Sand City,0.0925,4/1/2023 7:00:00 AM,4/1/2025 7:00:00 AM,3/20/2025 7:00:00 AM,12595366.6875,14408.0302406933
249,789,SEASIDE,MONTEREY,SEASIDE,Seaside,0.0925,10/1/2017 7:00:00 AM,4/1/2025 7:00:00 AM,3/20/2025 7:00:00 AM,36900641.0429688,28339.5675764163
250,790,SOLEDAD,MONTEREY,SOLEDAD,Soledad,0.0925,4/1/2021 7:00:00 AM,4/1/2025 7:00:00 AM,3/20/2025 7:00:00 AM,18967230.2226563,40970.0619404026
251,791,UNINCORPORATED AREA-MONTEREY,MONTEREY,UNINCORPORATED,Unincorporated,0.0875,4/1/2025 7:00:00 AM,4/1/2025 7:00:00 AM,3/20/2025 7:00:00 AM,14700722059.5313,1116633.9140292
252,792,AMERICAN CANYON,NAPA,AMERICAN CANYON,American Canyon,0.0775,7/1/2018 7:00:00 AM,4/1/2025 7:00:00 AM,3/20/2025 7:00:00 AM,25705064.96875,34991.2653046583
253,793,CALISTOGA,NAPA,CALISTOGA,Calistoga,0.0775,7/1/2018 7:00:00 AM,4/1/2025 7:00:00 AM,3/20/2025 7:00:00 AM,10921545.1367188,18985.5504107638
254,794,NAPA,NAPA,NAPA,Napa,0.0875,4/1/2025 7:00:00 AM,4/1/2025 7:00:00 AM,3/20/2025 7:00:00 AM,77275571.9570313,129292.787083373
255,795,ST. HELENA,NAPA,ST. HELENA,St. Helena,0.0825,7/1/2018 7:00:00 AM,4/1/2025 7:00:00 AM,3/20/2025 7:00:00 AM,21512623.4960938,31535.1257115653
256,796,UNINCORPORATED AREA-NAPA,NAPA,UNINCORPORATED,Unincorporated,0.0775,7/1/2018 7:00:00 AM,4/1/2025 7:00:00 AM,3/20/2025 7:00:00 AM,3213734930.51172,581180.01214993
257,797,YOUNTVILLE,NAPA,YOUNTVILLE,Yountville,0.0775,7/1/2018 7:00:00 AM,4/1/2025 7:00:00 AM,3/20/2025 7:00:00 AM,6291603.80078125,18246.4942176628
258,798,GRASS VALLEY,NEVADA,GRASS VALLEY,Grass Valley,0.08875,10/1/2024 7:00:00 AM,4/1/2025 7:00:00 AM,3/20/2025 7:00:00 AM,26924163.8867188,59353.7085097212
259,799,NEVADA CITY,NEVADA,NEVADA CITY,Nevada City,0.08875,7/1/2024 7:00:00 AM,4/1/2025 7:00:00 AM,3/20/2025 7:00:00 AM,10463181.171875,26575.3481620205
260,800,TRUCKEE,NEVADA,TRUCKEE,Truckee,0.09,4/1/2025 7:00:00 AM,4/1/2025 7:00:00 AM,3/20/2025 7:00:00 AM,146093746.507813,84197.3848512119
261,801,UNINCORPORATED AREA-NEVADA,NEVADA,UNINCORPORATED,Unincorporated,0.075,4/1/2017 7:00:00 AM,4/1/2025 7:00:00 AM,3/20/2025 7:00:00 AM,4038887723.00781,569451.405808153
262,802,ALISO VIEJO,ORANGE,ALISO VIEJO,Aliso Viejo,0.0775,1/1/2005 8:00:00 AM,4/1/2025 7:00:00 AM,3/20/2025 7:00:00 AM,25887321.6171875,33713.802818467
263,803,ANAHEIM,ORANGE,ANAHEIM,Anaheim,0.0775,1/1/2005 8:00:00 AM,4/1/2025 7:00:00 AM,3/20/2025 7:00:00 AM,191669907.136719,147620.566241842
264,804,BREA,ORANGE,BREA,Brea,0.0775,1/1/2005 8:00:00 AM,4/1/2025 7:00:00 AM,3/20/2025 7:00:00 AM,47797360.3085938,59153.4254588976
265,805,BUENA PARK,ORANGE,BUENA PARK,Buena Park,0.0875,4/1/2025 7:00:00 AM,4/1/2025 7:00:00 AM,3/20/2025 7:00:00 AM,39700161.3632813,48586.9960117156
266,806,COSTA MESA,ORANGE,COSTA MESA,Costa Mesa,0.0775,1/1/2005 8:00:00 AM,4/1/2025 7:00:00 AM,3/20/2025 7:00:00 AM,59249458.8671875,42656.4753919169
267,807,CYPRESS,ORANGE,CYPRESS,Cypress,0.0775,1/1/2005 8:00:00 AM,4/1/2025 7:00:00 AM,3/20/2025 7:00:00 AM,24910926.8164063,30862.3184413243
268,808,DANA POINT,ORANGE,DANA POINT,Dana Point,0.0775,1/1/2005 8:00:00 AM,4/1/2025 7:00:00 AM,3/20/2025 7:00:00 AM,24257108.5546875,39054.801412837
269,809,FOUNTAIN VALLEY,ORANGE,FOUNTAIN VALLEY,Fountain Valley,0.0875,4/1/2017 7:00:00 AM,4/1/2025 7:00:00 AM,3/20/2025 7:00:00 AM,34090205.5820313,26375.1953359728
270,810,FULLERTON,ORANGE,FULLERTON,Fullerton,0.0775,1/1/2005 8:00:00 AM,4/1/2025 7:00:00 AM,3/20/2025 7:00:00 AM,84557335.8359375,60723.821504543
271,811,GARDEN GROVE,ORANGE,GARDEN GROVE,Garden Grove,0.0875,4/1/2019 7:00:00 AM,4/1/2025 7:00:00 AM,3/20/2025 7:00:00 AM,67558956.6523438,75439.066355207
272,812,HUNTINGTON BEACH,ORANGE,HUNTINGTON BEACH,Huntington Beach,0.0775,1/1/2005 8:00:00 AM,4/1/2025 7:00:00 AM,3/20/2025 7:00:00 AM,102582522.523438,78034.3682092511
273,813,IRVINE,ORANGE,IRVINE,Irvine,0.0775,1/1/2005 8:00:00 AM,4/1/2025 7:00:00 AM,3/20/2025 7:00:00 AM,247222476.707031,93018.2253564303
274,814,LA HABRA,ORANGE,LA HABRA,La Habra,0.0875,4/1/2025 7:00:00 AM,4/1/2025 7:00:00 AM,3/20/2025 7:00:00 AM,28521771.2734375,27139.4599065257
275,815,LA PALMA,ORANGE,LA PALMA,La Palma,0.0875,4/1/2017 7:00:00 AM,4/1/2025 7:00:00 AM,3/20/2025 7:00:00 AM,6796590.25390625,16576.2503090295
276,816,LAGUNA BEACH,ORANGE,LAGUNA BEACH,Laguna Beach,0.0775,7/1/2009 7:00:00 AM,4/1/2025 7:00:00 AM,3/20/2025 7:00:00 AM,32955511.4453125,61578.6767221765
277,817,LAGUNA HILLS,ORANGE,LAGUNA HILLS,Laguna Hills,0.0775,1/1/2005 8:00:00 AM,4/1/2025 7:00:00 AM,3/20/2025 7:00:00 AM,24804786.0195313,36404.3501071306
278,818,LAGUNA NIGUEL,ORANGE,LAGUNA NIGUEL,Laguna Niguel,0.0775,1/1/2005 8:00:00 AM,4/1/2025 7:00:00 AM,3/20/2025 7:00:00 AM,55277112.203125,44360.3215347714
279,819,LAGUNA WOODS,ORANGE,LAGUNA WOODS,Laguna Woods,0.0775,1/1/2005 8:00:00 AM,4/1/2025 7:00:00 AM,3/20/2025 7:00:00 AM,12526700.9609375,27962.6238389981
280,820,LAKE FOREST,ORANGE,LAKE FOREST,Lake Forest,0.0775,1/1/2005 8:00:00 AM,4/1/2025 7:00:00 AM,3/20/2025 7:00:00 AM,62636264.3828125,37674.5223059975
281,821,LOS ALAMITOS,ORANGE,LOS ALAMITOS,Los Alamitos,0.0925,4/1/2021 7:00:00 AM,4/1/2025 7:00:00 AM,3/20/2025 7:00:00 AM,15329496.4921875,25694.1006603198
282,822,MISSION VIEJO,ORANGE,MISSION VIEJO,Mission Viejo,0.0775,1/1/2005 8:00:00 AM,4/1/2025 7:00:00 AM,3/20/2025 7:00:00 AM,67657151.640625,47156.9325278134
283,823,NEWPORT BEACH,ORANGE,NEWPORT BEACH,Newport Beach,0.0775,1/1/2005 8:00:00 AM,4/1/2025 7:00:00 AM,3/20/2025 7:00:00 AM,97041959.5742188,71654.9494836771
284,824,ORANGE,ORANGE,ORANGE,Orange,0.0775,1/1/2005 8:00:00 AM,4/1/2025 7:00:00 AM,3/20/2025 7:00:00 AM,97082725.1015625,125150.757180195
285,825,PLACENTIA,ORANGE,PLACENTIA,Placentia,0.0875,4/1/2019 7:00:00 AM,4/1/2025 7:00:00 AM,3/20/2025 7:00:00 AM,25421451.03125,41505.3584264114
286,826,RANCHO SANTA MARGARITA,ORANGE,RANCHO SANTA MARGARITA,Rancho Santa Margarita,0.0775,1/1/2005 8:00:00 AM,4/1/2025 7:00:00 AM,3/20/2025 7:00:00 AM,48480635.515625,53216.4878927741
287,827,SAN CLEMENTE,ORANGE,SAN CLEMENTE,San Clemente,0.0775,1/1/2005 8:00:00 AM,4/1/2025 7:00:00 AM,3/20/2025 7:00:00 AM,68413941.3984375,45651.6269563371
288,828,SAN JUAN CAPISTRANO,ORANGE,SAN JUAN CAPISTRANO,San Juan Capistrano,0.0775,1/1/2005 8:00:00 AM,4/1/2025 7:00:00 AM,3/20/2025 7:00:00 AM,53891344.8359375,40314.3438749736
289,829,SANTA ANA,ORANGE,SANTA ANA,Santa Ana,0.0925,4/1/2019 7:00:00 AM,4/1/2025 7:00:00 AM,3/20/2025 7:00:00 AM,102990967.121094,59344.2776462966
290,830,SEAL BEACH,ORANGE,SEAL BEACH,Seal Beach,0.0925,4/1/2025 7:00:00 AM,4/1/2025 7:00:00 AM,3/20/2025 7:00:00 AM,43847767.6054688,36742.942207361
291,831,STANTON,ORANGE,STANTON,Stanton,0.0875,4/1/2015 7:00:00 AM,4/1/2025 7:00:00 AM,3/20/2025 7:00:00 AM,11647011.0234375,33261.345798084
292,832,TUSTIN,ORANGE,TUSTIN,Tustin,0.0775,1/1/2005 8:00:00 AM,4/1/2025 7:00:00 AM,3/20/2025 7:00:00 AM,41741283.4296875,57298.2276186368
293,833,UNINCORPORATED AREA-ORANGE,ORANGE,UNINCORPORATED,Unincorporated,0.0775,1/1/2005 8:00:00 AM,4/1/2025 7:00:00 AM,3/20/2025 7:00:00 AM,1586103051.94531,778028.856038648
294,834,VILLA PARK,ORANGE,VILLA PARK,Villa Park,0.0775,1/1/2005 8:00:00 AM,4/1/2025 7:00:00 AM,3/20/2025 7:00:00 AM,7819971.64453125,17625.2065868853
295,835,WESTMINSTER,ORANGE,WESTMINSTER,Westminster,0.0925,7/1/2024 7:00:00 AM,4/1/2025 7:00:00 AM,3/20/2025 7:00:00 AM,37709249.2304688,54794.9803635447
296,836,YORBA LINDA,ORANGE,YORBA LINDA,Yorba Linda,0.0775,1/1/2005 8:00:00 AM,4/1/2025 7:00:00 AM,3/20/2025 7:00:00 AM,75239967.7617188,73793.2585941844
297,837,AUBURN,PLACER,AUBURN,Auburn,0.0725,1/1/2005 8:00:00 AM,4/1/2025 7:00:00 AM,3/20/2025 7:00:00 AM,30627246.1601563,59836.9222266152
298,838,COLFAX,PLACER,COLFAX,Colfax,0.0725,1/1/2005 8:00:00 AM,4/1/2025 7:00:00 AM,3/20/2025 7:00:00 AM,6002720.28125,26725.011462135
299,839,LINCOLN,PLACER,LINCOLN,Lincoln,0.0725,1/1/2005 8:00:00 AM,4/1/2025 7:00:00 AM,3/20/2025 7:00:00 AM,102890770.402344,65023.7996305132
300,840,LOOMIS,PLACER,LOOMIS,Loomis,0.075,4/1/2017 7:00:00 AM,4/1/2025 7:00:00 AM,3/20/2025 7:00:00 AM,31363962.6992188,37187.1488738734
301,841,ROCKLIN,PLACER,ROCKLIN,Rocklin,0.0725,1/1/2005 8:00:00 AM,4/1/2025 7:00:00 AM,3/20/2025 7:00:00 AM,84310905.140625,52386.9676011238
302,842,ROSEVILLE,PLACER,ROSEVILLE,Roseville,0.0775,4/1/2019 7:00:00 AM,4/1/2025 7:00:00 AM,3/20/2025 7:00:00 AM,188369701.742188,103311.736398919
303,843,UNINCORPORATED AREA-PLACER,PLACER,UNINCORPORATED,Unincorporated,0.0725,1/1/2005 8:00:00 AM,4/1/2025 7:00:00 AM,3/20/2025 7:00:00 AM,6009438508.71094,791002.254086327
304,844,PORTOLA,PLUMAS,PORTOLA,Portola,0.0725,1/1/2005 8:00:00 AM,4/1/2025 7:00:00 AM,3/20/2025 7:00:00 AM,23882905,39369.7246678029
305,845,UNINCORPORATED AREA-PLUMAS,PLUMAS,UNINCORPORATED,Unincorporated,0.0725,1/1/2005 8:00:00 AM,4/1/2025 7:00:00 AM,3/20/2025 7:00:00 AM,11526523102.9883,698317.787684378
306,846,BANNING,RIVERSIDE,BANNING,Banning,0.0775,1/1/2005 8:00:00 AM,4/1/2025 7:00:00 AM,3/20/2025 7:00:00 AM,87697267.8007813,98869.3984489707
307,847,BEAUMONT,RIVERSIDE,BEAUMONT,Beaumont,0.0775,1/1/2005 8:00:00 AM,4/1/2025 7:00:00 AM,3/20/2025 7:00:00 AM,114435593.820313,95130.1874243102
308,848,BLYTHE,RIVERSIDE,BLYTHE,Blythe,0.0875,10/1/2020 7:00:00 AM,4/1/2025 7:00:00 AM,3/20/2025 7:00:00 AM,102184337.917969,121398.275980719
309,849,CALIMESA,RIVERSIDE,CALIMESA,Calimesa,0.0775,1/1/2005 8:00:00 AM,4/1/2025 7:00:00 AM,3/20/2025 7:00:00 AM,56144113.2265625,48944.5366762884
310,850,CANYON LAKE,RIVERSIDE,CANYON LAKE,Canyon Lake,0.0775,1/1/2005 8:00:00 AM,4/1/2025 7:00:00 AM,3/20/2025 7:00:00 AM,17329051.609375,23482.3528031634
311,851,CATHEDRAL CITY,RIVERSIDE,CATHEDRAL CITY,Cathedral City,0.0925,4/1/2025 7:00:00 AM,4/1/2025 7:00:00 AM,3/20/2025 7:00:00 AM,85767105.765625,73018.2232164249
312,852,COACHELLA,RIVERSIDE,COACHELLA,Coachella,0.0875,4/1/2015 7:00:00 AM,4/1/2025 7:00:00 AM,3/20/2025 7:00:00 AM,112236805.328125,72790.0398869437
313,853,CORONA,RIVERSIDE,CORONA,Corona,0.0875,7/1/2021 7:00:00 AM,4/1/2025 7:00:00 AM,3/20/2025 7:00:00 AM,150315069.648438,132829.174619636
314,854,DESERT HOT SPRINGS,RIVERSIDE,DESERT HOT SPRINGS,Desert Hot Springs,0.0875,4/1/2025 7:00:00 AM,4/1/2025 7:00:00 AM,3/20/2025 7:00:00 AM,115031741.839844,89691.6954682761
315,855,EASTVALE,RIVERSIDE,EASTVALE,Eastvale,0.0775,1/1/2011 8:00:00 AM,4/1/2025 7:00:00 AM,3/20/2025 7:00:00 AM,49566861.7734375,44402.6617536397
316,856,HEMET,RIVERSIDE,HEMET,Hemet,0.0875,4/1/2017 7:00:00 AM,4/1/2025 7:00:00 AM,3/20/2025 7:00:00 AM,109821008.886719,86984.96742803
317,857,INDIAN WELLS,RIVERSIDE,INDIAN WELLS,Indian Wells,0.0775,1/1/2005 8:00:00 AM,4/1/2025 7:00:00 AM,3/20/2025 7:00:00 AM,54726297.0195313,37052.321752606
318,858,INDIO,RIVERSIDE,INDIO,Indio,0.0875,4/1/2017 7:00:00 AM,4/1/2025 7:00:00 AM,3/20/2025 7:00:00 AM,124782928.027344,92193.9363649959
319,859,JURUPA VALLEY,RIVERSIDE,JURUPA VALLEY,Jurupa Valley,0.0775,10/1/2011 7:00:00 AM,4/1/2025 7:00:00 AM,3/20/2025 7:00:00 AM,164932314.457031,61838.4170087742
320,860,LA QUINTA,RIVERSIDE,LA QUINTA,La Quinta,0.0875,4/1/2017 7:00:00 AM,4/1/2025 7:00:00 AM,3/20/2025 7:00:00 AM,133856416.753906,74309.6742767074
321,861,LAKE ELSINORE,RIVERSIDE,LAKE ELSINORE,Lake Elsinore,0.0875,4/1/2021 7:00:00 AM,4/1/2025 7:00:00 AM,3/20/2025 7:00:00 AM,163340605.839844,112738.444853975
322,862,MENIFEE,RIVERSIDE,MENIFEE,Menifee,0.0875,4/1/2017 7:00:00 AM,4/1/2025 7:00:00 AM,3/20/2025 7:00:00 AM,174743995.238281,83468.9442182051
323,863,MORENO VALLEY,RIVERSIDE,MORENO VALLEY,Moreno Valley,0.0875,4/1/2025 7:00:00 AM,4/1/2025 7:00:00 AM,3/20/2025 7:00:00 AM,194402171.695313,94283.4761775008
324,864,MURRIETA,RIVERSIDE,MURRIETA,Murrieta,0.0875,4/1/2019 7:00:00 AM,4/1/2025 7:00:00 AM,3/20/2025 7:00:00 AM,132635623.28125,70969.2356236775
325,865,NORCO,RIVERSIDE,NORCO,Norco,0.0875,4/1/2019 7:00:00 AM,4/1/2025 7:00:00 AM,3/20/2025 7:00:00 AM,52803979.453125,44818.2679440364
326,866,PALM DESERT,RIVERSIDE,PALM DESERT,Palm Desert,0.0875,4/1/2025 7:00:00 AM,4/1/2025 7:00:00 AM,3/20/2025 7:00:00 AM,101201631.300781,75957.8693912142
327,867,PALM SPRINGS,RIVERSIDE,PALM SPRINGS,Palm Springs,0.0925,4/1/2018 7:00:00 AM,4/1/2025 7:00:00 AM,3/20/2025 7:00:00 AM,355551704.214844,177070.261572768
328,868,PERRIS,RIVERSIDE,PERRIS,Perris,0.0775,1/1/2005 8:00:00 AM,4/1/2025 7:00:00 AM,3/20/2025 7:00:00 AM,119141383.792969,86493.815701208
329,869,RANCHO MIRAGE,RIVERSIDE,RANCHO MIRAGE,Rancho Mirage,0.0775,1/1/2005 8:00:00 AM,4/1/2025 7:00:00 AM,3/20/2025 7:00:00 AM,96245443.015625,63898.9290873354
330,870,RIVERSIDE,RIVERSIDE,RIVERSIDE,Riverside,0.0875,4/1/2017 7:00:00 AM,4/1/2025 7:00:00 AM,3/20/2025 7:00:00 AM,307572417.296875,126067.84902884
331,871,SAN JACINTO,RIVERSIDE,SAN JACINTO,San Jacinto,0.0875,4/1/2021 7:00:00 AM,4/1/2025 7:00:00 AM,3/20/2025 7:00:00 AM,97927720.1953125,71906.3350121445
332,872,TEMECULA,RIVERSIDE,TEMECULA,Temecula,0.0875,4/1/2017 7:00:00 AM,4/1/2025 7:00:00 AM,3/20/2025 7:00:00 AM,138811054.992188,86649.0040574221
333,873,UNINCORPORATED AREA-RIVERSIDE,RIVERSIDE,UNINCORPORATED,Unincorporated,0.0775,1/1/2005 8:00:00 AM,4/1/2025 7:00:00 AM,3/20/2025 7:00:00 AM,23920021735.9492,2330939.71213446
334,874,WILDOMAR,RIVERSIDE,WILDOMAR,Wildomar,0.0875,4/1/2019 7:00:00 AM,4/1/2025 7:00:00 AM,3/20/2025 7:00:00 AM,88908236.53125,42978.1938765962
335,875,CITRUS HEIGHTS,SACRAMENTO,CITRUS HEIGHTS,Citrus Heights,0.0775,1/1/2005 8:00:00 AM,4/1/2025 7:00:00 AM,3/20/2025 7:00:00 AM,60528247.5390625,37809.8884645634
336,876,ELK GROVE,SACRAMENTO,ELK GROVE,Elk Grove,0.0875,4/1/2023 7:00:00 AM,4/1/2025 7:00:00 AM,3/20/2025 7:00:00 AM,180517914.464844,85118.5439085353
337,877,FOLSOM,SACRAMENTO,FOLSOM,Folsom,0.0775,1/1/2005 8:00:00 AM,4/1/2025 7:00:00 AM,3/20/2025 7:00:00 AM,127810015.636719,60641.3384640066
338,878,GALT,SACRAMENTO,GALT,Galt,0.0925,4/1/2023 7:00:00 AM,4/1/2025 7:00:00 AM,3/20/2025 7:00:00 AM,32911299.7539063,40351.2086908019
339,879,ISLETON,SACRAMENTO,ISLETON,Isleton,0.0875,4/1/2022 7:00:00 AM,4/1/2025 7:00:00 AM,3/20/2025 7:00:00 AM,1958407.30859375,10250.5065704908
340,880,RANCHO CORDOVA,SACRAMENTO,RANCHO CORDOVA,Rancho Cordova,0.0875,4/1/2021 7:00:00 AM,4/1/2025 7:00:00 AM,3/20/2025 7:00:00 AM,147803588.757813,83462.6409131282
341,881,SACRAMENTO,SACRAMENTO,SACRAMENTO,Sacramento,0.0875,4/1/2019 7:00:00 AM,4/1/2025 7:00:00 AM,3/20/2025 7:00:00 AM,426998831.795776,198549.511558194
342,882,UNINCORPORATED AREA-SACRAMENTO,SACRAMENTO,UNINCORPORATED,Unincorporated,0.0775,1/1/2005 8:00:00 AM,4/1/2025 7:00:00 AM,3/20/2025 7:00:00 AM,3224166653.57031,785978.769304247
343,883,HOLLISTER,SAN BENITO,HOLLISTER,Hollister,0.0925,4/1/2019 7:00:00 AM,4/1/2025 7:00:00 AM,3/20/2025 7:00:00 AM,33161384.4414063,90779.6407677407
344,884,SAN JUAN BAUTISTA,SAN BENITO,SAN JUAN BAUTISTA,San Juan Bautista,0.09,4/1/2019 7:00:00 AM,4/1/2025 7:00:00 AM,3/20/2025 7:00:00 AM,3167349.34375,11890.0682252213
345,885,UNINCORPORATED AREA-SAN BENITO,SAN BENITO,UNINCORPORATED,Unincorporated,0.0825,4/1/2019 7:00:00 AM,4/1/2025 7:00:00 AM,3/20/2025 7:00:00 AM,5560270429.28125,560643.999582648
346,886,ADELANTO,SAN BERNARDINO,ADELANTO,Adelanto,0.0775,1/1/2005 8:00:00 AM,4/1/2025 7:00:00 AM,3/20/2025 7:00:00 AM,202542105.007813,122818.659525753
347,887,APPLE VALLEY,SAN BERNARDINO,APPLE VALLEY,Apple Valley,0.0875,4/1/2025 7:00:00 AM,4/1/2025 7:00:00 AM,3/20/2025 7:00:00 AM,294702239.429688,104691.205313369
348,888,BARSTOW,SAN BERNARDINO,BARSTOW,Barstow,0.0875,4/1/2019 7:00:00 AM,4/1/2025 7:00:00 AM,3/20/2025 7:00:00 AM,159265189.316406,124525.784912131
349,889,BIG BEAR LAKE,SAN BERNARDINO,BIG BEAR LAKE,Big Bear Lake,0.0775,1/1/2005 8:00:00 AM,4/1/2025 7:00:00 AM,3/20/2025 7:00:00 AM,24455999.3867188,56742.4701943277
350,890,CHINO,SAN BERNARDINO,CHINO,Chino,0.0875,7/1/2024 7:00:00 AM,4/1/2025 7:00:00 AM,3/20/2025 7:00:00 AM,113406901.192463,74578.6121736431
351,891,CHINO HILLS,SAN BERNARDINO,CHINO HILLS,Chino Hills,0.0775,1/1/2005 8:00:00 AM,4/1/2025 7:00:00 AM,3/20/2025 7:00:00 AM,169473935.015625,63999.047970475
352,892,COLTON,SAN BERNARDINO,COLTON,Colton,0.0875,4/1/2023 7:00:00 AM,4/1/2025 7:00:00 AM,3/20/2025 7:00:00 AM,60973948.8007813,85404.0527811654
353,893,FONTANA,SAN BERNARDINO,FONTANA,Fontana,0.0875,4/1/2025 7:00:00 AM,4/1/2025 7:00:00 AM,3/20/2025 7:00:00 AM,164194309.972656,91756.8969411211
354,894,GRAND TERRACE,SAN BERNARDINO,GRAND TERRACE,Grand Terrace,0.0775,1/1/2005 8:00:00 AM,4/1/2025 7:00:00 AM,3/20/2025 7:00:00 AM,13378996.3476563,21878.4788682973
355,895,HESPERIA,SAN BERNARDINO,HESPERIA,Hesperia,0.0775,1/1/2005 8:00:00 AM,4/1/2025 7:00:00 AM,3/20/2025 7:00:00 AM,277212178.15625,163242.3896054
356,896,HIGHLAND,SAN BERNARDINO,HIGHLAND,Highland,0.0775,1/1/2005 8:00:00 AM,4/1/2025 7:00:00 AM,3/20/2025 7:00:00 AM,70775328.9648438,81826.2663032725
357,897,LOMA LINDA,SAN BERNARDINO,LOMA LINDA,Loma Linda,0.0775,1/1/2005 8:00:00 AM,4/1/2025 7:00:00 AM,3/20/2025 7:00:00 AM,33848050.625,28391.8164725624
358,898,MONTCLAIR,SAN BERNARDINO,MONTCLAIR,Montclair,0.09,4/1/2021 7:00:00 AM,4/1/2025 7:00:00 AM,3/20/2025 7:00:00 AM,20955266.1953125,23120.5224126939
359,899,NEEDLES,SAN BERNARDINO,NEEDLES,Needles,0.0775,1/1/2005 8:00:00 AM,4/1/2025 7:00:00 AM,3/20/2025 7:00:00 AM,120091688.871094,65601.4748871887
360,900,ONTARIO,SAN BERNARDINO,ONTARIO,Ontario,0.0875,4/1/2023 7:00:00 AM,4/1/2025 7:00:00 AM,3/20/2025 7:00:00 AM,188816986.210938,65545.3337259074
361,901,RANCHO CUCAMONGA,SAN BERNARDINO,RANCHO CUCAMONGA,Rancho Cucamonga,0.0775,1/1/2005 8:00:00 AM,4/1/2025 7:00:00 AM,3/20/2025 7:00:00 AM,176252202.191406,65105.9898047705
362,902,REDLANDS,SAN BERNARDINO,REDLANDS,Redlands,0.0875,4/1/2021 7:00:00 AM,4/1/2025 7:00:00 AM,3/20/2025 7:00:00 AM,137162694.644531,111619.374964108
363,903,RIALTO,SAN BERNARDINO,RIALTO,Rialto,0.0775,1/1/2005 8:00:00 AM,4/1/2025 7:00:00 AM,3/20/2025 7:00:00 AM,91407262.4960938,98606.353000652
364,904,SAN BERNARDINO,SAN BERNARDINO,SAN BERNARDINO,San Bernardino,0.0875,4/1/2021 7:00:00 AM,4/1/2025 7:00:00 AM,3/20/2025 7:00:00 AM,236624117.550781,261412.048960823
365,905,TWENTYNINE PALMS,SAN BERNARDINO,TWENTYNINE PALMS,Twentynine Palms,0.0775,1/1/2005 8:00:00 AM,4/1/2025 7:00:00 AM,3/20/2025 7:00:00 AM,222911147.65625,106736.661719319
366,906,UNINCORPORATED AREA-SAN BERNARDINO,SAN BERNARDINO,UNINCORPORATED,Unincorporated,0.0775,1/1/2005 8:00:00 AM,4/1/2025 7:00:00 AM,3/20/2025 7:00:00 AM,74118250899.2422,2366458.10298929
367,907,UPLAND,SAN BERNARDINO,UPLAND,Upland,0.0775,1/1/2005 8:00:00 AM,4/1/2025 7:00:00 AM,3/20/2025 7:00:00 AM,59368189.1992188,35312.147650657
368,908,VICTORVILLE,SAN BERNARDINO,VICTORVILLE,Victorville,0.0875,4/1/2021 7:00:00 AM,4/1/2025 7:00:00 AM,3/20/2025 7:00:00 AM,283190976.933594,143029.386099379
369,909,YUCAIPA,SAN BERNARDINO,YUCAIPA,Yucaipa,0.0875,4/1/2025 7:00:00 AM,4/1/2025 7:00:00 AM,3/20/2025 7:00:00 AM,106887024.308594,66670.623272391
370,910,YUCCA VALLEY,SAN BERNARDINO,YUCCA VALLEY,Yucca Valley,0.0875,4/1/2017 7:00:00 AM,4/1/2025 7:00:00 AM,3/20/2025 7:00:00 AM,150879347.839844,63722.0810082565
371,911,CARLSBAD,SAN DIEGO,CARLSBAD,Carlsbad,0.0775,1/1/2005 8:00:00 AM,4/1/2025 7:00:00 AM,3/20/2025 7:00:00 AM,144800224.425781,65740.1548459068
372,912,CHULA VISTA,SAN DIEGO,CHULA VISTA,Chula Vista,0.0875,10/1/2018 7:00:00 AM,4/1/2025 7:00:00 AM,3/20/2025 7:00:00 AM,190834805.113281,117755.554384442
373,913,CORONADO,SAN DIEGO,CORONADO,Coronado,0.0775,1/1/2005 8:00:00 AM,4/1/2025 7:00:00 AM,3/20/2025 7:00:00 AM,51653197.6914063,48745.947345912
374,914,DEL MAR,SAN DIEGO,DEL MAR,Del Mar,0.0875,4/1/2017 7:00:00 AM,4/1/2025 7:00:00 AM,3/20/2025 7:00:00 AM,6594304.4296875,14922.9706495068
375,915,EL CAJON,SAN DIEGO,EL CAJON,El Cajon,0.0825,4/1/2015 7:00:00 AM,4/1/2025 7:00:00 AM,3/20/2025 7:00:00 AM,53430420.771225,86086.1268631321
376,916,ENCINITAS,SAN DIEGO,ENCINITAS,Encinitas,0.0775,1/1/2005 8:00:00 AM,4/1/2025 7:00:00 AM,3/20/2025 7:00:00 AM,72366467.1210938,58727.1401619107
377,917,ESCONDIDO,SAN DIEGO,ESCONDIDO,Escondido,0.0875,4/1/2025 7:00:00 AM,4/1/2025 7:00:00 AM,3/20/2025 7:00:00 AM,138920278.679688,203564.64579469
378,918,IMPERIAL BEACH,SAN DIEGO,IMPERIAL BEACH,Imperial Beach,0.0875,4/1/2021 7:00:00 AM,4/1/2025 7:00:00 AM,3/20/2025 7:00:00 AM,16238766.6484375,22198.6549568878
379,919,LA MESA,SAN DIEGO,LA MESA,La Mesa,0.085,4/1/2009 7:00:00 AM,4/1/2025 7:00:00 AM,3/20/2025 7:00:00 AM,33193217.6484375,49640.2419022746
380,920,LEMON GROVE,SAN DIEGO,LEMON GROVE,Lemon Grove,0.0775,1/1/2005 8:00:00 AM,4/1/2025 7:00:00 AM,3/20/2025 7:00:00 AM,14361462.0039063,23570.3560651179
381,921,NATIONAL CITY,SAN DIEGO,NATIONAL CITY,National City,0.0875,10/1/2006 7:00:00 AM,4/1/2025 7:00:00 AM,3/20/2025 7:00:00 AM,34126249.3789063,65551.6107875876
382,922,OCEANSIDE,SAN DIEGO,OCEANSIDE,Oceanside,0.0825,4/1/2019 7:00:00 AM,4/1/2025 7:00:00 AM,3/20/2025 7:00:00 AM,156562686.457031,90831.5535860866
383,923,POWAY,SAN DIEGO,POWAY,Poway,0.0775,1/1/2005 8:00:00 AM,4/1/2025 7:00:00 AM,3/20/2025 7:00:00 AM,144430721.609375,77235.8904012512
384,924,SAN DIEGO,SAN DIEGO,SAN DIEGO,San Diego,0.0775,1/1/2005 8:00:00 AM,4/1/2025 7:00:00 AM,3/20/2025 7:00:00 AM,1259877552.25781,440341.730987475
385,925,SAN MARCOS,SAN DIEGO,SAN MARCOS,San Marcos,0.0875,4/1/2025 7:00:00 AM,4/1/2025 7:00:00 AM,3/20/2025 7:00:00 AM,91060737.0625,82465.1761114916
386,926,SANTEE,SAN DIEGO,SANTEE,Santee,0.0775,1/1/2005 8:00:00 AM,4/1/2025 7:00:00 AM,3/20/2025 7:00:00 AM,61444834.5616989,54073.5521959912
387,927,SOLANA BEACH,SAN DIEGO,SOLANA BEACH,Solana Beach,0.0875,4/1/2023 7:00:00 AM,4/1/2025 7:00:00 AM,3/20/2025 7:00:00 AM,12597780.0703125,17427.7687553925
388,928,UNINCORPORATED AREA-SAN DIEGO,SAN DIEGO,UNINCORPORATED,Unincorporated,0.0775,1/1/2005 8:00:00 AM,4/1/2025 7:00:00 AM,3/20/2025 7:00:00 AM,14170138560.8164,1446968.91593324
389,929,VISTA,SAN DIEGO,VISTA,Vista,0.0825,4/1/2007 7:00:00 AM,4/1/2025 7:00:00 AM,3/20/2025 7:00:00 AM,70493585.0537415,93663.6323249626
390,930,SAN FRANCISCO,SAN FRANCISCO,SAN FRANCISCO,San Francisco,0.08625,7/1/2021 7:00:00 AM,4/1/2025 7:00:00 AM,3/20/2025 7:00:00 AM,963100891.910156,203556.673113715
391,931,ESCALON,SAN JOAQUIN,ESCALON,Escalon,0.0875,4/1/2025 7:00:00 AM,4/1/2025 7:00:00 AM,3/20/2025 7:00:00 AM,9743498.390625,30856.0919879805
392,932,LATHROP,SAN JOAQUIN,LATHROP,Lathrop,0.0875,4/1/2013 7:00:00 AM,4/1/2025 7:00:00 AM,3/20/2025 7:00:00 AM,86988510.1210938,68583.8171828126
393,933,LODI,SAN JOAQUIN,LODI,Lodi,0.0825,4/1/2019 7:00:00 AM,4/1/2025 7:00:00 AM,3/20/2025 7:00:00 AM,58668389.9140625,63330.7476641412
394,934,MANTECA,SAN JOAQUIN,MANTECA,Manteca,0.09,4/1/2025 7:00:00 AM,4/1/2025 7:00:00 AM,3/20/2025 7:00:00 AM,90958434.984375,86018.2646916839
395,935,MOUNTAIN HOUSE,SAN JOAQUIN,MOUNTAIN HOUSE,Mountain House,0.0775,10/1/2024 7:00:00 AM,4/1/2025 7:00:00 AM,3/20/2025 7:00:00 AM,28692455.4856873,36490.0000941097
396,936,RIPON,SAN JOAQUIN,RIPON,Ripon,0.0775,1/1/2005 8:00:00 AM,4/1/2025 7:00:00 AM,3/20/2025 7:00:00 AM,23010310.515625,36207.7974280661
397,937,STOCKTON,SAN JOAQUIN,STOCKTON,Stockton,0.09,4/1/2017 7:00:00 AM,4/1/2025 7:00:00 AM,3/20/2025 7:00:00 AM,277995553.510715,284320.483083217
398,938,TRACY,SAN JOAQUIN,TRACY,Tracy,0.0825,4/1/2017 7:00:00 AM,4/1/2025 7:00:00 AM,3/20/2025 7:00:00 AM,109796445.601563,125715.695791167
399,939,UNINCORPORATED AREA-SAN JOAQUIN,SAN JOAQUIN,UNINCORPORATED,Unincorporated,0.0775,1/1/2005 8:00:00 AM,4/1/2025 7:00:00 AM,3/20/2025 7:00:00 AM,5261693975.91406,1107536.53119438
400,940,ARROYO GRANDE,SAN LUIS OBISPO,ARROYO GRANDE,Arroyo Grande,0.0875,4/1/2025 7:00:00 AM,4/1/2025 7:00:00 AM,3/20/2025 7:00:00 AM,22988070.9375,31880.1315160517
401,941,ATASCADERO,SAN LUIS OBISPO,ATASCADERO,Atascadero,0.0875,4/1/2021 7:00:00 AM,4/1/2025 7:00:00 AM,3/20/2025 7:00:00 AM,102496335.828125,57362.8729966596
402,942,GROVER BEACH,SAN LUIS OBISPO,GROVER BEACH,Grover Beach,0.0875,4/1/2021 7:00:00 AM,4/1/2025 7:00:00 AM,3/20/2025 7:00:00 AM,24410485.7890625,34156.2856993596
403,943,MORRO BAY,SAN LUIS OBISPO,MORRO BAY,Morro Bay,0.0875,4/1/2021 7:00:00 AM,4/1/2025 7:00:00 AM,3/20/2025 7:00:00 AM,39898165.7734375,43706.2223057045
404,944,PASO ROBLES,SAN LUIS OBISPO,PASO ROBLES,Paso Robles,0.0875,4/1/2021 7:00:00 AM,4/1/2025 7:00:00 AM,3/20/2025 7:00:00 AM,78451251.765625,79099.9511980686
405,945,PISMO BEACH,SAN LUIS OBISPO,PISMO BEACH,Pismo Beach,0.0825,4/1/2025 7:00:00 AM,4/1/2025 7:00:00 AM,3/20/2025 7:00:00 AM,39574087.3203125,40774.6307982644
406,946,SAN LUIS OBISPO,SAN LUIS OBISPO,SAN LUIS OBISPO,San Luis Obispo,0.0875,4/1/2021 7:00:00 AM,4/1/2025 7:00:00 AM,3/20/2025 7:00:00 AM,53732367.1328125,64014.102748392
407,947,UNINCORPORATED AREA-SAN LUIS OBISPO,SAN LUIS OBISPO,UNINCORPORATED,Unincorporated,0.0725,1/1/2005 8:00:00 AM,4/1/2025 7:00:00 AM,3/20/2025 7:00:00 AM,13761240781.0313,1027337.55838824
408,948,ATHERTON,SAN MATEO,ATHERTON,Atherton,0.09375,7/1/2021 7:00:00 AM,4/1/2025 7:00:00 AM,3/20/2025 7:00:00 AM,20742769.1640625,30983.7043846278
409,949,BELMONT,SAN MATEO,BELMONT,Belmont,0.09875,7/1/2021 7:00:00 AM,4/1/2025 7:00:00 AM,3/20/2025 7:00:00 AM,19146743.7617188,28383.7278736708
410,950,BRISBANE,SAN MATEO,BRISBANE,Brisbane,0.09875,4/1/2023 7:00:00 AM,4/1/2025 7:00:00 AM,3/20/2025 7:00:00 AM,83981025.7070313,46949.5549119555
411,951,BURLINGAME,SAN MATEO,BURLINGAME,Burlingame,0.09625,7/1/2021 7:00:00 AM,4/1/2025 7:00:00 AM,3/20/2025 7:00:00 AM,23878757.2695313,33912.0356536342
412,952,COLMA,SAN MATEO,COLMA,Colma,0.09375,7/1/2021 7:00:00 AM,4/1/2025 7:00:00 AM,3/20/2025 7:00:00 AM,7929576.9453125,14704.4933731901
413,953,DALY CITY,SAN MATEO,DALY CITY,Daly City,0.09875,7/1/2021 7:00:00 AM,4/1/2025 7:00:00 AM,3/20/2025 7:00:00 AM,31679067.0351563,57968.8092704203
414,954,EAST PALO ALTO,SAN MATEO,EAST PALO ALTO,East Palo Alto,0.09875,7/1/2021 7:00:00 AM,4/1/2025 7:00:00 AM,3/20/2025 7:00:00 AM,10595786.015625,17772.3816737422
415,955,FOSTER CITY,SAN MATEO,FOSTER CITY,Foster City,0.09375,7/1/2021 7:00:00 AM,4/1/2025 7:00:00 AM,3/20/2025 7:00:00 AM,82034337.828125,54026.0390411488
416,956,HALF MOON BAY,SAN MATEO,HALF MOON BAY,Half Moon Bay,0.09875,4/1/2025 7:00:00 AM,4/1/2025 7:00:00 AM,3/20/2025 7:00:00 AM,25724377.25,43430.4627505171
417,957,HILLSBOROUGH,SAN MATEO,HILLSBOROUGH,Hillsborough,0.09375,7/1/2021 7:00:00 AM,4/1/2025 7:00:00 AM,3/20/2025 7:00:00 AM,25633137.4882813,33721.8189003631
418,958,MENLO PARK,SAN MATEO,MENLO PARK,Menlo Park,0.09375,7/1/2021 7:00:00 AM,4/1/2025 7:00:00 AM,3/20/2025 7:00:00 AM,73495229.6328125,82719.129696876
419,959,MILLBRAE,SAN MATEO,MILLBRAE,Millbrae,0.09375,7/1/2021 7:00:00 AM,4/1/2025 7:00:00 AM,3/20/2025 7:00:00 AM,13544450.5742188,20381.6324300677
420,960,PACIFICA,SAN MATEO,PACIFICA,Pacifica,0.09875,4/1/2023 7:00:00 AM,4/1/2025 7:00:00 AM,3/20/2025 7:00:00 AM,52204286.2421875,48963.1113210068
421,961,PORTOLA VALLEY,SAN MATEO,PORTOLA VALLEY,Portola Valley,0.09375,7/1/2021 7:00:00 AM,4/1/2025 7:00:00 AM,3/20/2025 7:00:00 AM,37163799.1835938,33615.4564267765
422,962,REDWOOD CITY,SAN MATEO,REDWOOD CITY,Redwood City,0.09875,7/1/2021 7:00:00 AM,4/1/2025 7:00:00 AM,3/20/2025 7:00:00 AM,144278389.503906,99780.8947495546
423,963,SAN BRUNO,SAN MATEO,SAN BRUNO,San Bruno,0.09875,7/1/2021 7:00:00 AM,4/1/2025 7:00:00 AM,3/20/2025 7:00:00 AM,22692042.9609375,29877.1610508996
424,964,SAN CARLOS,SAN MATEO,SAN CARLOS,San Carlos,0.09375,7/1/2021 7:00:00 AM,4/1/2025 7:00:00 AM,3/20/2025 7:00:00 AM,22271366.546875,38387.4349826305
425,965,SAN MATEO,SAN MATEO,SAN MATEO,San Mateo,0.09625,7/1/2021 7:00:00 AM,4/1/2025 7:00:00 AM,3/20/2025 7:00:00 AM,63816674.9765625,56866.9967543332
426,966,SOUTH SAN FRANCISCO,SAN MATEO,SOUTH SAN FRANCISCO,South San Francisco,0.09875,7/1/2021 7:00:00 AM,4/1/2025 7:00:00 AM,3/20/2025 7:00:00 AM,121914096.605469,82483.2821553379
427,967,UNINCORPORATED AREA-SAN MATEO,SAN MATEO,UNINCORPORATED,Unincorporated,0.09375,7/1/2021 7:00:00 AM,4/1/2025 7:00:00 AM,3/20/2025 7:00:00 AM,2126314225.38281,584702.45470764
428,968,WOODSIDE,SAN MATEO,WOODSIDE,Woodside,0.09375,7/1/2021 7:00:00 AM,4/1/2025 7:00:00 AM,3/20/2025 7:00:00 AM,47138431.6015625,59185.5846277749
429,969,BUELLTON,SANTA BARBARA,BUELLTON,Buellton,0.0775,1/1/2005 8:00:00 AM,4/1/2025 7:00:00 AM,3/20/2025 7:00:00 AM,6143377.41796875,14650.7657967433
430,970,CARPINTERIA,SANTA BARBARA,CARPINTERIA,Carpinteria,0.09,4/1/2019 7:00:00 AM,4/1/2025 7:00:00 AM,3/20/2025 7:00:00 AM,32154925.046875,36536.6605864299
431,971,GOLETA,SANTA BARBARA,GOLETA,Goleta,0.0875,1/1/2024 8:00:00 AM,4/1/2025 7:00:00 AM,3/20/2025 7:00:00 AM,30234462.2929688,46669.7271083909
432,972,GUADALUPE,SANTA BARBARA,GUADALUPE,Guadalupe,0.0875,4/1/2021 7:00:00 AM,4/1/2025 7:00:00 AM,3/20/2025 7:00:00 AM,5133036.62890625,17795.1889810616
433,973,LOMPOC,SANTA BARBARA,LOMPOC,Lompoc,0.0875,7/1/2020 7:00:00 AM,4/1/2025 7:00:00 AM,3/20/2025 7:00:00 AM,44899343.3671875,48713.9231707585
434,974,SANTA BARBARA,SANTA BARBARA,SANTA BARBARA,Santa Barbara,0.0925,4/1/2025 7:00:00 AM,4/1/2025 7:00:00 AM,3/20/2025 7:00:00 AM,167903994.398438,142849.984789396
435,975,SANTA MARIA,SANTA BARBARA,SANTA MARIA,Santa Maria,0.0875,4/1/2019 7:00:00 AM,4/1/2025 7:00:00 AM,3/20/2025 7:00:00 AM,90876181.3007813,87445.0520343368
436,976,SOLVANG,SANTA BARBARA,SOLVANG,Solvang,0.0875,4/1/2023 7:00:00 AM,4/1/2025 7:00:00 AM,3/20/2025 7:00:00 AM,9345810.9765625,24030.5262721684
437,977,UNINCORPORATED AREA-SANTA BARBARA,SANTA BARBARA,UNINCORPORATED,Unincorporated,0.0775,1/1/2005 8:00:00 AM,4/1/2025 7:00:00 AM,3/20/2025 7:00:00 AM,14107972027.5938,1240593.80567415
438,978,CAMPBELL,SANTA CLARA,CAMPBELL,Campbell,0.09875,4/1/2025 7:00:00 AM,4/1/2025 7:00:00 AM,3/20/2025 7:00:00 AM,24977175.9960938,42542.3107903431
439,979,CUPERTINO,SANTA CLARA,CUPERTINO,Cupertino,0.09125,7/1/2021 7:00:00 AM,4/1/2025 7:00:00 AM,3/20/2025 7:00:00 AM,46187635.3320313,61673.2790298382
440,980,GILROY,SANTA CLARA,GILROY,Gilroy,0.09125,7/1/2021 7:00:00 AM,4/1/2025 7:00:00 AM,3/20/2025 7:00:00 AM,67354364.1992188,73300.6873629446
441,981,LOS ALTOS,SANTA CLARA,LOS ALTOS,Los Altos,0.09125,7/1/2021 7:00:00 AM,4/1/2025 7:00:00 AM,3/20/2025 7:00:00 AM,26791122.453125,43028.4521453056
442,982,LOS ALTOS HILLS,SANTA CLARA,LOS ALTOS HILLS,Los Altos Hills,0.09125,7/1/2021 7:00:00 AM,4/1/2025 7:00:00 AM,3/20/2025 7:00:00 AM,37285940.2617188,44754.9669712916
443,983,LOS GATOS,SANTA CLARA,LOS GATOS,Los Gatos,0.0925,7/1/2021 7:00:00 AM,4/1/2025 7:00:00 AM,3/20/2025 7:00:00 AM,47734515.140625,94052.4843368239
444,984,MILPITAS,SANTA CLARA,MILPITAS,Milpitas,0.09375,7/1/2021 7:00:00 AM,4/1/2025 7:00:00 AM,3/20/2025 7:00:00 AM,55750588.6914063,60978.7190088569
445,985,MONTE SERENO,SANTA CLARA,MONTE SERENO,Monte Sereno,0.09125,7/1/2021 7:00:00 AM,4/1/2025 7:00:00 AM,3/20/2025 7:00:00 AM,6645788.01171875,25575.0188713109
446,986,MORGAN HILL,SANTA CLARA,MORGAN HILL,Morgan Hill,0.09125,7/1/2021 7:00:00 AM,4/1/2025 7:00:00 AM,3/20/2025 7:00:00 AM,52680796.8320313,106782.734223948
447,987,MOUNTAIN VIEW,SANTA CLARA,MOUNTAIN VIEW,Mountain View,0.09125,7/1/2021 7:00:00 AM,4/1/2025 7:00:00 AM,3/20/2025 7:00:00 AM,50175391.1914063,60877.8723688161
448,988,PALO ALTO,SANTA CLARA,PALO ALTO,Palo Alto,0.09125,7/1/2021 7:00:00 AM,4/1/2025 7:00:00 AM,3/20/2025 7:00:00 AM,106650028.226563,118841.395389481
449,989,SAN JOSE,SANTA CLARA,SAN JOSE,San Jose,0.09375,7/1/2021 7:00:00 AM,4/1/2025 7:00:00 AM,3/20/2025 7:00:00 AM,741462342.804688,548852.070264964
450,990,SANTA CLARA,SANTA CLARA,SANTA CLARA,Santa Clara,0.09125,7/1/2021 7:00:00 AM,4/1/2025 7:00:00 AM,3/20/2025 7:00:00 AM,74710846.171875,58013.3221562608
451,991,SARATOGA,SANTA CLARA,SARATOGA,Saratoga,0.09125,7/1/2021 7:00:00 AM,4/1/2025 7:00:00 AM,3/20/2025 7:00:00 AM,52361149.3125,39351.1215864549
452,992,SUNNYVALE,SANTA CLARA,SUNNYVALE,Sunnyvale,0.09125,7/1/2021 7:00:00 AM,4/1/2025 7:00:00 AM,3/20/2025 7:00:00 AM,94077862.1757813,69297.0302504647
453,993,UNINCORPORATED AREA-SANTA CLARA,SANTA CLARA,UNINCORPORATED,Unincorporated,0.09125,7/1/2021 7:00:00 AM,4/1/2025 7:00:00 AM,3/20/2025 7:00:00 AM,3856244911.46484,1224999.84493466
454,994,CAPITOLA,SANTA CRUZ,CAPITOLA,Capitola,0.0925,4/1/2025 7:00:00 AM,4/1/2025 7:00:00 AM,3/20/2025 7:00:00 AM,6935433.8046875,17292.8877350971
455,995,SANTA CRUZ,SANTA CRUZ,SANTA CRUZ,Santa Cruz,0.0975,7/1/2024 7:00:00 AM,4/1/2025 7:00:00 AM,3/20/2025 7:00:00 AM,178979975.121094,121489.93828762
456,996,SCOTTS VALLEY,SANTA CRUZ,SCOTTS VALLEY,Scotts Valley,0.0975,7/1/2020 7:00:00 AM,4/1/2025 7:00:00 AM,3/20/2025 7:00:00 AM,18918062.5195313,36209.3520613477
457,997,UNINCORPORATED AREA-SANTA CRUZ,SANTA CRUZ,UNINCORPORATED,Unincorporated,0.095,7/1/2024 7:00:00 AM,4/1/2025 7:00:00 AM,3/20/2025 7:00:00 AM,2236607562.42578,487677.18401051
458,998,WATSONVILLE,SANTA CRUZ,WATSONVILLE,Watsonville,0.0975,4/1/2023 7:00:00 AM,4/1/2025 7:00:00 AM,3/20/2025 7:00:00 AM,27801610.6523438,51227.2736295614
459,999,ANDERSON,SHASTA,ANDERSON,Anderson,0.0775,10/1/2014 7:00:00 AM,4/1/2025 7:00:00 AM,3/20/2025 7:00:00 AM,32458449.890625,47507.348524566
460,1000,REDDING,SHASTA,REDDING,Redding,0.0725,1/1/2005 8:00:00 AM,4/1/2025 7:00:00 AM,3/20/2025 7:00:00 AM,273653885.46875,200000.959252917
461,1001,SHASTA LAKE,SHASTA,SHASTA LAKE,Shasta Lake,0.0725,1/1/2005 8:00:00 AM,4/1/2025 7:00:00 AM,3/20/2025 7:00:00 AM,48898984.4765625,36093.9731354005
462,1002,UNINCORPORATED AREA-SHASTA,SHASTA,UNINCORPORATED,Unincorporated,0.0725,1/1/2005 8:00:00 AM,4/1/2025 7:00:00 AM,3/20/2025 7:00:00 AM,17054142438.8047,977531.757109336
463,1003,LOYALTON,SIERRA,LOYALTON,Loyalton,0.0725,1/1/2005 8:00:00 AM,4/1/2025 7:00:00 AM,3/20/2025 7:00:00 AM,1489332.98828125,5251.28276238446
464,1004,UNINCORPORATED AREA-SIERRA,SIERRA,UNINCORPORATED,Unincorporated,0.0725,1/1/2005 8:00:00 AM,4/1/2025 7:00:00 AM,3/20/2025 7:00:00 AM,4194057139.92578,380085.366913396
465,1005,DORRIS,SISKIYOU,DORRIS,Dorris,0.0725,1/1/2005 8:00:00 AM,4/1/2025 7:00:00 AM,3/20/2025 7:00:00 AM,3429176.4375,10506.6309507
466,1006,DUNSMUIR,SISKIYOU,DUNSMUIR,Dunsmuir,0.0775,4/1/2016 7:00:00 AM,4/1/2025 7:00:00 AM,3/20/2025 7:00:00 AM,7928149.23828125,31070.5100689855
467,1007,ETNA,SISKIYOU,ETNA,Etna,0.0725,1/1/2005 8:00:00 AM,4/1/2025 7:00:00 AM,3/20/2025 7:00:00 AM,3470354.2890625,11297.0659676988
468,1008,FORT JONES,SISKIYOU,FORT JONES,Fort Jones,0.0725,1/1/2005 8:00:00 AM,4/1/2025 7:00:00 AM,3/20/2025 7:00:00 AM,2873459.71484375,14024.3038179988
469,1009,MONTAGUE,SISKIYOU,MONTAGUE,Montague,0.0725,1/1/2005 8:00:00 AM,4/1/2025 7:00:00 AM,3/20/2025 7:00:00 AM,8089220.3671875,16686.9997885483
470,1010,MOUNT SHASTA,SISKIYOU,MOUNT SHASTA,Mount Shasta,0.075,10/1/2011 7:00:00 AM,4/1/2025 7:00:00 AM,3/20/2025 7:00:00 AM,16632746.5273438,35894.236993281
471,1011,TULELAKE,SISKIYOU,TULELAKE,Tulelake,0.0725,1/1/2005 8:00:00 AM,4/1/2025 7:00:00 AM,3/20/2025 7:00:00 AM,1910090.29296875,6727.17523232833
472,1012,UNINCORPORATED AREA-SISKIYOU,SISKIYOU,UNINCORPORATED,Unincorporated,0.0725,1/1/2005 8:00:00 AM,4/1/2025 7:00:00 AM,3/20/2025 7:00:00 AM,29302662347.3086,1124786.50962855
473,1013,WEED,SISKIYOU,WEED,Weed,0.075,7/1/2015 7:00:00 AM,4/1/2025 7:00:00 AM,3/20/2025 7:00:00 AM,22193265.71875,36202.9717694373
474,1014,YREKA,SISKIYOU,YREKA,Yreka,0.0875,4/1/2025 7:00:00 AM,4/1/2025 7:00:00 AM,3/20/2025 7:00:00 AM,46826611.4179688,64678.246444374
475,1015,BENICIA,SOLANO,BENICIA,Benicia,0.09625,4/1/2025 7:00:00 AM,4/1/2025 7:00:00 AM,3/20/2025 7:00:00 AM,66168536.2421875,42685.4286723467
476,1016,DIXON,SOLANO,DIXON,Dixon,0.08375,4/1/2025 7:00:00 AM,4/1/2025 7:00:00 AM,3/20/2025 7:00:00 AM,30637846.6289063,45030.3979926893
477,1017,FAIRFIELD,SOLANO,FAIRFIELD,Fairfield,0.08375,4/1/2013 7:00:00 AM,4/1/2025 7:00:00 AM,3/20/2025 7:00:00 AM,176095884.484375,157813.982656018
478,1018,RIO VISTA,SOLANO,RIO VISTA,Rio Vista,0.09125,4/1/2025 7:00:00 AM,4/1/2025 7:00:00 AM,3/20/2025 7:00:00 AM,28946495.3554688,35504.9322187235
479,1019,SUISUN CITY,SOLANO,SUISUN CITY,Suisun City,0.09125,4/1/2025 7:00:00 AM,4/1/2025 7:00:00 AM,3/20/2025 7:00:00 AM,17185783.578125,34089.7705642778
480,1020,UNINCORPORATED AREA-SOLANO,SOLANO,UNINCORPORATED,Unincorporated,0.07375,1/1/2005 8:00:00 AM,4/1/2025 7:00:00 AM,3/20/2025 7:00:00 AM,3159618985.51563,755043.760537995
481,1021,VACAVILLE,SOLANO,VACAVILLE,Vacaville,0.08125,4/1/2018 7:00:00 AM,4/1/2025 7:00:00 AM,3/20/2025 7:00:00 AM,125851295.242188,99690.6983880539
482,1022,VALLEJO,SOLANO,VALLEJO,Vallejo,0.0925,4/1/2023 7:00:00 AM,4/1/2025 7:00:00 AM,3/20/2025 7:00:00 AM,208861462.40625,118558.040464421
483,1023,CLOVERDALE,SONOMA,CLOVERDALE,Cloverdale,0.1,4/1/2025 7:00:00 AM,4/1/2025 7:00:00 AM,3/20/2025 7:00:00 AM,14282596.6484375,32690.4821514384
484,1024,COTATI,SONOMA,COTATI,Cotati,0.1025,4/1/2025 7:00:00 AM,4/1/2025 7:00:00 AM,3/20/2025 7:00:00 AM,8038210.51171875,22616.8035881671
485,1025,HEALDSBURG,SONOMA,HEALDSBURG,Healdsburg,0.0975,4/1/2025 7:00:00 AM,4/1/2025 7:00:00 AM,3/20/2025 7:00:00 AM,18638987.796875,41213.6769506079
486,1026,PETALUMA,SONOMA,PETALUMA,Petaluma,0.1025,4/1/2025 7:00:00 AM,4/1/2025 7:00:00 AM,3/20/2025 7:00:00 AM,60882709.4648438,67823.5131805638
487,1027,ROHNERT PARK,SONOMA,ROHNERT PARK,Rohnert Park,0.0975,4/1/2025 7:00:00 AM,4/1/2025 7:00:00 AM,3/20/2025 7:00:00 AM,30824938.3632813,41110.2313452913
488,1028,SANTA ROSA,SONOMA,SANTA ROSA,Santa Rosa,0.1,4/1/2025 7:00:00 AM,4/1/2025 7:00:00 AM,3/20/2025 7:00:00 AM,181268399.300781,240581.389870547
489,1029,SEBASTOPOL,SONOMA,SEBASTOPOL,Sebastopol,0.1025,4/1/2025 7:00:00 AM,4/1/2025 7:00:00 AM,3/20/2025 7:00:00 AM,7964144.1328125,24764.8921356404
490,1030,SONOMA,SONOMA,SONOMA,Sonoma,0.1025,4/1/2025 7:00:00 AM,4/1/2025 7:00:00 AM,3/20/2025 7:00:00 AM,11093702.640625,25080.6771156939
491,1031,UNINCORPORATED AREA-SONOMA,SONOMA,UNINCORPORATED,Unincorporated,0.0925,4/1/2025 7:00:00 AM,4/1/2025 7:00:00 AM,3/20/2025 7:00:00 AM,7116870152.83203,1019706.42144104
492,1032,WINDSOR,SONOMA,WINDSOR,Windsor,0.0925,4/1/2025 7:00:00 AM,4/1/2025 7:00:00 AM,3/20/2025 7:00:00 AM,31982185.3320313,57429.9747134879
493,1033,CERES,STANISLAUS,CERES,Ceres,0.08375,4/1/2017 7:00:00 AM,4/1/2025 7:00:00 AM,3/20/2025 7:00:00 AM,39161547.6132813,49334.3702836673
494,1034,HUGHSON,STANISLAUS,HUGHSON,Hughson,0.07875,4/1/2017 7:00:00 AM,4/1/2025 7:00:00 AM,3/20/2025 7:00:00 AM,7465749.1640625,17667.9998648126
495,1035,MODESTO,STANISLAUS,MODESTO,Modesto,0.08875,4/1/2023 7:00:00 AM,4/1/2025 7:00:00 AM,3/20/2025 7:00:00 AM,186738059.230469,200970.972112164
496,1036,NEWMAN,STANISLAUS,NEWMAN,Newman,0.07875,4/1/2017 7:00:00 AM,4/1/2025 7:00:00 AM,3/20/2025 7:00:00 AM,9153128.59765625,23323.0055845487
497,1037,OAKDALE,STANISLAUS,OAKDALE,Oakdale,0.08375,4/1/2017 7:00:00 AM,4/1/2025 7:00:00 AM,3/20/2025 7:00:00 AM,25970778.6679688,44420.9281512591
498,1038,PATTERSON,STANISLAUS,PATTERSON,Patterson,0.07875,4/1/2017 7:00:00 AM,4/1/2025 7:00:00 AM,3/20/2025 7:00:00 AM,41792641.390625,46660.7999800176
499,1039,RIVERBANK,STANISLAUS,RIVERBANK,Riverbank,0.07875,4/1/2017 7:00:00 AM,4/1/2025 7:00:00 AM,3/20/2025 7:00:00 AM,19676229.3046875,28646.3660451717
500,1040,TURLOCK,STANISLAUS,TURLOCK,Turlock,0.08625,4/1/2021 7:00:00 AM,4/1/2025 7:00:00 AM,3/20/2025 7:00:00 AM,69494517.0546875,63716.0618613072
501,1041,UNINCORPORATED AREA-STANISLAUS,STANISLAUS,UNINCORPORATED,Unincorporated,0.07875,4/1/2017 7:00:00 AM,4/1/2025 7:00:00 AM,3/20/2025 7:00:00 AM,5851285718.05859,958690.07309041
502,1042,WATERFORD,STANISLAUS,WATERFORD,Waterford,0.07875,4/1/2017 7:00:00 AM,4/1/2025 7:00:00 AM,3/20/2025 7:00:00 AM,10162996.453125,18640.9907661069
503,1043,LIVE OAK,SUTTER,LIVE OAK,Live Oak,0.0725,1/1/2005 8:00:00 AM,4/1/2025 7:00:00 AM,3/20/2025 7:00:00 AM,13472203.4335938,27348.3547770531
504,1044,UNINCORPORATED AREA-SUTTER,SUTTER,UNINCORPORATED,Unincorporated,0.0725,1/1/2005 8:00:00 AM,4/1/2025 7:00:00 AM,3/20/2025 7:00:00 AM,2530262676.78125,448953.282134935
505,1045,YUBA CITY,SUTTER,YUBA CITY,Yuba City,0.0725,1/1/2005 8:00:00 AM,4/1/2025 7:00:00 AM,3/20/2025 7:00:00 AM,71795088.0625,80556.8432410919
506,1046,CORNING,TEHAMA,CORNING,Corning,0.0775,10/1/2016 7:00:00 AM,4/1/2025 7:00:00 AM,3/20/2025 7:00:00 AM,16019825.6992188,43990.303219337
507,1047,RED BLUFF,TEHAMA,RED BLUFF,Red Bluff,0.075,4/1/2015 7:00:00 AM,4/1/2025 7:00:00 AM,3/20/2025 7:00:00 AM,34586653.7539063,72739.7814575659
508,1048,TEHAMA,TEHAMA,TEHAMA,Tehama,0.0725,1/1/2005 8:00:00 AM,4/1/2025 7:00:00 AM,3/20/2025 7:00:00 AM,3456749.8828125,8621.66421269305
509,1049,UNINCORPORATED AREA-TEHAMA,TEHAMA,UNINCORPORATED,Unincorporated,0.0725,1/1/2005 8:00:00 AM,4/1/2025 7:00:00 AM,3/20/2025 7:00:00 AM,13063956361.0586,751374.675551195
510,1050,UNINCORPORATED AREA-TRINITY,TRINITY,UNINCORPORATED,Unincorporated,0.0725,1/1/2005 8:00:00 AM,4/1/2025 7:00:00 AM,3/20/2025 7:00:00 AM,14447622057.3906,807269.567633744
511,1051,DINUBA,TULARE,DINUBA,Dinuba,0.085,4/1/2007 7:00:00 AM,4/1/2025 7:00:00 AM,3/20/2025 7:00:00 AM,27165985.9960938,32057.493286014
512,1052,EXETER,TULARE,EXETER,Exeter,0.0875,4/1/2021 7:00:00 AM,4/1/2025 7:00:00 AM,3/20/2025 7:00:00 AM,9807901.58984375,20848.7801809057
513,1053,FARMERSVILLE,TULARE,FARMERSVILLE,Farmersville,0.0875,4/1/2018 7:00:00 AM,4/1/2025 7:00:00 AM,3/20/2025 7:00:00 AM,9021710.9765625,21996.369630199
514,1054,LINDSAY,TULARE,LINDSAY,Lindsay,0.0875,10/1/2017 7:00:00 AM,4/1/2025 7:00:00 AM,3/20/2025 7:00:00 AM,11650125.8789063,29025.969131396
515,1055,PORTERVILLE,TULARE,PORTERVILLE,Porterville,0.0925,4/1/2019 7:00:00 AM,4/1/2025 7:00:00 AM,3/20/2025 7:00:00 AM,75106372.4140625,136009.46679157
516,1056,TULARE,TULARE,TULARE,Tulare,0.0825,4/1/2007 7:00:00 AM,4/1/2025 7:00:00 AM,3/20/2025 7:00:00 AM,87930395.2845764,87402.8146924761
517,1057,UNINCORPORATED AREA-TULARE,TULARE,UNINCORPORATED,Unincorporated,0.0775,4/1/2007 7:00:00 AM,4/1/2025 7:00:00 AM,3/20/2025 7:00:00 AM,18895416868.0664,1141279.81094098
518,1058,VISALIA,TULARE,VISALIA,Visalia,0.085,4/1/2017 7:00:00 AM,4/1/2025 7:00:00 AM,3/20/2025 7:00:00 AM,159595597.105469,132697.96096654
519,1059,WOODLAKE,TULARE,WOODLAKE,Woodlake,0.0875,4/1/2018 7:00:00 AM,4/1/2025 7:00:00 AM,3/20/2025 7:00:00 AM,13080456.8320313,29147.8910886548
520,1060,SONORA,TUOLUMNE,SONORA,Sonora,0.0875,4/1/2023 7:00:00 AM,4/1/2025 7:00:00 AM,3/20/2025 7:00:00 AM,13070284.9453125,21409.1969142829
521,1061,UNINCORPORATED AREA-TUOLUMNE,TUOLUMNE,UNINCORPORATED,Unincorporated,0.0725,1/1/2005 8:00:00 AM,4/1/2025 7:00:00 AM,3/20/2025 7:00:00 AM,9500321201.07813,664771.373987617
522,1062,CAMARILLO,VENTURA,CAMARILLO,Camarillo,0.0725,1/1/2005 8:00:00 AM,4/1/2025 7:00:00 AM,3/20/2025 7:00:00 AM,75059131.0898438,80742.8850027407
523,1063,FILLMORE,VENTURA,FILLMORE,Fillmore,0.0725,1/1/2005 8:00:00 AM,4/1/2025 7:00:00 AM,3/20/2025 7:00:00 AM,12580257.140625,26965.1534333158
524,1064,MOORPARK,VENTURA,MOORPARK,Moorpark,0.0725,1/1/2005 8:00:00 AM,4/1/2025 7:00:00 AM,3/20/2025 7:00:00 AM,47428607.4414063,42096.1452387651
525,1065,OJAI,VENTURA,OJAI,Ojai,0.0725,1/1/2005 8:00:00 AM,4/1/2025 7:00:00 AM,3/20/2025 7:00:00 AM,16674008.8554688,27326.9713801364
526,1066,OXNARD,VENTURA,OXNARD,Oxnard,0.0925,4/1/2021 7:00:00 AM,4/1/2025 7:00:00 AM,3/20/2025 7:00:00 AM,211173660.820313,154864.785006033
527,1067,PORT HUENEME,VENTURA,PORT HUENEME,Port Hueneme,0.0875,4/1/2019 7:00:00 AM,4/1/2025 7:00:00 AM,3/20/2025 7:00:00 AM,44122510.9921875,36104.8915066391
528,1068,SANTA PAULA,VENTURA,SANTA PAULA,Santa Paula,0.0925,4/1/2025 7:00:00 AM,4/1/2025 7:00:00 AM,3/20/2025 7:00:00 AM,22143800.6679688,32540.809698896
529,1069,SIMI VALLEY,VENTURA,SIMI VALLEY,Simi Valley,0.0725,1/1/2005 8:00:00 AM,4/1/2025 7:00:00 AM,3/20/2025 7:00:00 AM,160702591.070313,105517.321708096
530,1070,THOUSAND OAKS,VENTURA,THOUSAND OAKS,Thousand Oaks,0.0725,1/1/2005 8:00:00 AM,4/1/2025 7:00:00 AM,3/20/2025 7:00:00 AM,210430008.441406,123732.726271899
531,1071,UNINCORPORATED AREA-VENTURA,VENTURA,UNINCORPORATED,Unincorporated,0.0725,1/1/2005 8:00:00 AM,4/1/2025 7:00:00 AM,3/20/2025 7:00:00 AM,7486303790.86328,1145006.49756026
532,1072,VENTURA,VENTURA,VENTURA,Ventura,0.0775,4/1/2017 7:00:00 AM,4/1/2025 7:00:00 AM,3/20/2025 7:00:00 AM,122006098.964844,132392.06831466
533,1073,DAVIS,YOLO,DAVIS,Davis,0.0925,4/1/2025 7:00:00 AM,4/1/2025 7:00:00 AM,3/20/2025 7:00:00 AM,42861340.109375,46142.2523848251
534,1074,UNINCORPORATED AREA-YOLO,YOLO,UNINCORPORATED,Unincorporated,0.0725,1/1/2005 8:00:00 AM,4/1/2025 7:00:00 AM,3/20/2025 7:00:00 AM,4125873908.46875,541523.527010741
535,1075,WEST SACRAMENTO,YOLO,WEST SACRAMENTO,West Sacramento,0.0925,4/1/2025 7:00:00 AM,4/1/2025 7:00:00 AM,3/20/2025 7:00:00 AM,97668605.015625,46542.5871057287
536,1076,WINTERS,YOLO,WINTERS,Winters,0.0825,4/1/2025 7:00:00 AM,4/1/2025 7:00:00 AM,3/20/2025 7:00:00 AM,10808715.0351563,24490.9118073729
537,1077,WOODLAND,YOLO,WOODLAND,Woodland,0.08,10/1/2014 7:00:00 AM,4/1/2025 7:00:00 AM,3/20/2025 7:00:00 AM,71382633.1171875,68716.876858124
538,1078,MARYSVILLE,YUBA,MARYSVILLE,Marysville,0.0825,10/1/2016 7:00:00 AM,4/1/2025 7:00:00 AM,3/20/2025 7:00:00 AM,15695928.0429688,27034.7216995047
539,1079,UNINCORPORATED AREA-YUBA,YUBA,UNINCORPORATED,Unincorporated,0.0825,4/1/2019 7:00:00 AM,4/1/2025 7:00:00 AM,3/20/2025 7:00:00 AM,2734753945.35547,415066.393109486
540,1080,WHEATLAND,YUBA,WHEATLAND,Wheatland,0.0775,4/1/2011 7:00:00 AM,4/1/2025 7:00:00 AM,3/20/2025 7:00:00 AM,34942491.1054688,46817.184939419
